path,bytes,sha256,component,license
data/map_matching/TRAJECTORY_BUILD_PARTITIONED_MAP_MATCH_PRODUCTION.md,627,ded713193c44716bae78388f2ae18ac44a80fbe36a35d7fd78f6944eeacd4aba,TRAJECTORY_BUILD_map_matching,ODbL-1.0 + upstream notices
data/map_matching/matched_edges/partition_0000.parquet,321490,dac5784eeefc3df863412cc4c52724693de30f0f1d00c0c8e85990839d6a5c0f,TRAJECTORY_BUILD_map_matching,ODbL-1.0 + upstream notices
data/map_matching/matched_edges/partition_0001.parquet,325697,148f4a539224a7d85e5eb2f02abae2230b4f69c957bd6455070adcc6b3000fd7,TRAJECTORY_BUILD_map_matching,ODbL-1.0 + upstream notices
data/map_matching/matched_edges/partition_0002.parquet,348067,95b59b07e00b5c790c7f9bbb1e877a9e2a40dbc3ed304e613aa81921a9eb0c13,TRAJECTORY_BUILD_map_matching,ODbL-1.0 + upstream notices
data/map_matching/matched_edges/partition_0003.parquet,285681,7e911e7e251d7ef2c1ea15ecee4fa61cb80f22ede5802f2ca679cbf505da4435,TRAJECTORY_BUILD_map_matching,ODbL-1.0 + upstream notices
data/map_matching/matched_edges/partition_0004.parquet,323420,0d9418e4f17d6d103948a62195550df80a25a157eb3f1fddab758617632623ea,TRAJECTORY_BUILD_map_matching,ODbL-1.0 + upstream notices
data/map_matching/matched_edges/partition_0005.parquet,327962,24fd75e4e67feb1e7c342b5ecaca8efd2d6dd0ddfc4690c2daf953d0011201cb,TRAJECTORY_BUILD_map_matching,ODbL-1.0 + upstream notices
data/map_matching/matched_edges/partition_0006.parquet,335555,ad52ca8c908048a266df6f169919041c30195bcefa807f9edf7cd809b21f06b2,TRAJECTORY_BUILD_map_matching,ODbL-1.0 + upstream notices
data/map_matching/matched_edges/partition_0007.parquet,300771,1947e87a23ec41358a664eac54d70d6460debb4527cbedd79bd3be02cdf558b3,TRAJECTORY_BUILD_map_matching,ODbL-1.0 + upstream notices
data/map_matching/matched_edges/partition_0008.parquet,231085,50f7ee99038cfb241709dabf9b3bac171e9eaa39a8c94d6f89d8ff31921996ca,TRAJECTORY_BUILD_map_matching,ODbL-1.0 + upstream notices
data/map_matching/matched_edges/partition_0009.parquet,274864,9b53cd31fe3041f648f25e7256d6fb165c01d1b32f34c5402a174691fe41e31c,TRAJECTORY_BUILD_map_matching,ODbL-1.0 + upstream notices
data/map_matching/matched_edges/partition_0010.parquet,338339,d0a95d971b8e86b5474a9eb4cf559ff735112176c7d2726a554fc9b08790991c,TRAJECTORY_BUILD_map_matching,ODbL-1.0 + upstream notices
data/map_matching/matched_edges/partition_0011.parquet,341127,89bbdb6056ab7e2828cbc9c37116252f9ed0342f04be6bf0d6c422419fbbfccd,TRAJECTORY_BUILD_map_matching,ODbL-1.0 + upstream notices
data/map_matching/matched_edges/partition_0012.parquet,304741,b1419c56929e97fb469388548a882055202741a411ca5a5f45274dbcf49874ef,TRAJECTORY_BUILD_map_matching,ODbL-1.0 + upstream notices
data/map_matching/matched_edges/partition_0013.parquet,309392,b34f1adf1ac1a4bed5b879b27cff482e19e8c1c6ff09f0ca074729050de3afef,TRAJECTORY_BUILD_map_matching,ODbL-1.0 + upstream notices
data/map_matching/matched_edges/partition_0014.parquet,268355,f37e51f4f9361d100459e941cee5e8706cc121f8b076b9dc57cfcb1a4ddaa50e,TRAJECTORY_BUILD_map_matching,ODbL-1.0 + upstream notices
data/map_matching/matched_edges/partition_0015.parquet,268093,23ca826ca75ea350c77ccadd1432a6fd4b13b58fa212e7f8ac2305a67b62c61e,TRAJECTORY_BUILD_map_matching,ODbL-1.0 + upstream notices
data/map_matching/matched_edges/partition_0016.parquet,215480,c3b86c89a8fd57d54080db7c6ddafd044ad9a9cefc996fb2d926e4c2a11e2747,TRAJECTORY_BUILD_map_matching,ODbL-1.0 + upstream notices
data/map_matching/matched_edges/partition_0017.parquet,269016,6ffe474efa66812ae462601f5b861600e78799c1c7ec61571ee8407f0b01aeed,TRAJECTORY_BUILD_map_matching,ODbL-1.0 + upstream notices
data/map_matching/matched_edges/partition_0018.parquet,270978,274ee95794de27f43d7336133d2e914e54a7734093ae7ff2776876a7afa1863c,TRAJECTORY_BUILD_map_matching,ODbL-1.0 + upstream notices
data/map_matching/matched_edges/partition_0019.parquet,286552,e1e59694baec1714c8ffc722668a8478c3018142cc206a2fee2e345ebd14c6c7,TRAJECTORY_BUILD_map_matching,ODbL-1.0 + upstream notices
data/map_matching/matched_edges/partition_0020.parquet,273629,8056eaffabcc313bb66369001a9025eb43e6ab9d4bd40d66fc201548d36caa32,TRAJECTORY_BUILD_map_matching,ODbL-1.0 + upstream notices
data/map_matching/matched_edges/partition_0021.parquet,258567,ffe0c10c4cc8d743bc7d1482d6df50f14ffda7d5ba7737ee7c8dfb472701fed0,TRAJECTORY_BUILD_map_matching,ODbL-1.0 + upstream notices
data/map_matching/matched_edges/partition_0022.parquet,299711,b8e4598b669ab0b06e8274f6f5448dc5d3a28098a23f90b4c58b6a0d64f26451,TRAJECTORY_BUILD_map_matching,ODbL-1.0 + upstream notices
data/map_matching/matched_edges/partition_0023.parquet,284585,4c48d9b35e3659e223cf6c00349985e40ab08a451b598b5b9327729363a00e12,TRAJECTORY_BUILD_map_matching,ODbL-1.0 + upstream notices
data/map_matching/matched_edges/partition_0024.parquet,284403,fe176892dffe23f9fa209bf73a70510a51a6065e3e8aa5c0efebf01db8a0dea8,TRAJECTORY_BUILD_map_matching,ODbL-1.0 + upstream notices
data/map_matching/matched_edges/partition_0025.parquet,272826,9b9a8c5d90efd509f9f1478a11cbd5bde8e101d89d1576a6d6ae4ffea4ad3086,TRAJECTORY_BUILD_map_matching,ODbL-1.0 + upstream notices
data/map_matching/matched_edges/partition_0026.parquet,262333,0fa703be3a7f8df29585214689693f834b02a5498649dace2438fdacf6674ca0,TRAJECTORY_BUILD_map_matching,ODbL-1.0 + upstream notices
data/map_matching/matched_edges/partition_0027.parquet,259163,dd4e2b5fe198b6b2662cb0a963ae67a0660c0d236ff2a9e4145e0ce84fd79d1a,TRAJECTORY_BUILD_map_matching,ODbL-1.0 + upstream notices
data/map_matching/matched_edges/partition_0028.parquet,271839,b2dc23e1bb5c652382e29c01f72e0a3fdef5b2218336e884db5381090dc4fe43,TRAJECTORY_BUILD_map_matching,ODbL-1.0 + upstream notices
data/map_matching/matched_edges/partition_0029.parquet,256477,73c32d550c4aa106934ca08d5aecea4d229412b44ba2761b88ee9a31f8ab43f4,TRAJECTORY_BUILD_map_matching,ODbL-1.0 + upstream notices
data/map_matching/matched_edges/partition_0030.parquet,249698,70b524389469ceead53c92b0a9d5db5679dc823a8be558769ca1a71b9ed1c4b3,TRAJECTORY_BUILD_map_matching,ODbL-1.0 + upstream notices
data/map_matching/matched_edges/partition_0031.parquet,269872,100e830469aa045336d9892153fae70237151d376a669d3c5196a77e37792d79,TRAJECTORY_BUILD_map_matching,ODbL-1.0 + upstream notices
data/map_matching/matched_edges/partition_0032.parquet,238307,6fbf5e0da700b0e9f7badcf75985ea05e4420aa53d1d4b3da31613a265f193ec,TRAJECTORY_BUILD_map_matching,ODbL-1.0 + upstream notices
data/map_matching/matched_edges/partition_0033.parquet,268183,a7ee6f5b9bfb5a525e99403f0575e8fafa39529bac6b361a7cda429bfd09906c,TRAJECTORY_BUILD_map_matching,ODbL-1.0 + upstream notices
data/map_matching/matched_edges/partition_0034.parquet,259296,fadaa25caf3fbe5957f829d07d1fe28480d2d81eb4eb1545e321cbb9e5b2b06b,TRAJECTORY_BUILD_map_matching,ODbL-1.0 + upstream notices
data/map_matching/matched_edges/partition_0035.parquet,227210,de65ffb6c7e3e390d66220b7645cc0f38c0d6b569380346919b6ca068de34c2e,TRAJECTORY_BUILD_map_matching,ODbL-1.0 + upstream notices
data/map_matching/matched_edges/partition_0036.parquet,253267,05196c75cbf02835ee995fbbce131bfb36b819aee57b3919adb3b06156a2f9ad,TRAJECTORY_BUILD_map_matching,ODbL-1.0 + upstream notices
data/map_matching/matched_edges/partition_0037.parquet,250559,91644ac477559281eac6f73b8d122886029d1429b6695995904a6bcbb7efd0aa,TRAJECTORY_BUILD_map_matching,ODbL-1.0 + upstream notices
data/map_matching/matched_edges/partition_0038.parquet,222511,1adbb620bdfe78df8240c85d8a376763fc651f4623c7b5dd282c4d9727e937de,TRAJECTORY_BUILD_map_matching,ODbL-1.0 + upstream notices
data/map_matching/matched_edges/partition_0039.parquet,237615,a04d6abdafab158a07b328733834586bf5a86143d96b440e8c1e443ac15ceb54,TRAJECTORY_BUILD_map_matching,ODbL-1.0 + upstream notices
data/map_matching/matched_edges/partition_0040.parquet,228251,9b0e788250c988492476202461163f8fa7bc557edd55caca5c90e384f042577d,TRAJECTORY_BUILD_map_matching,ODbL-1.0 + upstream notices
data/map_matching/matched_edges/partition_0041.parquet,204774,16185f65cea4743a7b0d9606a83d44e1b2fb03c2191b56c92745d3a5f2e5b1e6,TRAJECTORY_BUILD_map_matching,ODbL-1.0 + upstream notices
data/map_matching/matched_edges/partition_0042.parquet,206082,6ebad43d8ff14387bc8cbb47b01cdf5e93688dd7812e16302efd8ef52de024c3,TRAJECTORY_BUILD_map_matching,ODbL-1.0 + upstream notices
data/map_matching/matched_edges/partition_0043.parquet,214251,b43da4a1da9cf09f586b928106fefcc04b097b562630a6b9e9dd2cdc1251ea5e,TRAJECTORY_BUILD_map_matching,ODbL-1.0 + upstream notices
data/map_matching/matched_edges/partition_0044.parquet,213980,dbc92db47a038d74321c212cc0e9f710bca91a01bc36e49c6f80c924f398628d,TRAJECTORY_BUILD_map_matching,ODbL-1.0 + upstream notices
data/map_matching/matched_edges/partition_0045.parquet,227776,79886054ea982546c187c46cff38e8052cad944acff710fbc2ceb130bf2210e8,TRAJECTORY_BUILD_map_matching,ODbL-1.0 + upstream notices
data/map_matching/matched_edges/partition_0046.parquet,232418,78212c6d05469f12804a2b0ab979c54ca2a24eb2ae874865307d74dbe2849fdc,TRAJECTORY_BUILD_map_matching,ODbL-1.0 + upstream notices
data/map_matching/matched_edges/partition_0047.parquet,243380,d1cb1b52b65785555f03ef93972eab7a675d0329855d84d4c125ae7189b60e0b,TRAJECTORY_BUILD_map_matching,ODbL-1.0 + upstream notices
data/map_matching/matched_edges/partition_0048.parquet,230384,6e837494e4861d8d88591ec431f43ae1c9289ab006074d7cabc9be62ad3ddc65,TRAJECTORY_BUILD_map_matching,ODbL-1.0 + upstream notices
data/map_matching/matched_edges/partition_0049.parquet,211499,7a6452e1cbef928f9fc48becdefc9c8845b463ba00247fee2fc4bee6cc946e32,TRAJECTORY_BUILD_map_matching,ODbL-1.0 + upstream notices
data/map_matching/matched_edges/partition_0050.parquet,244252,73307d828f117d3d1d79bd7706aee8b86c34c73850681e1d98dcf03a93a8cbf6,TRAJECTORY_BUILD_map_matching,ODbL-1.0 + upstream notices
data/map_matching/matched_edges/partition_0051.parquet,271367,918ba38d41dc21a99b6818dd049a1671caf47a4ad720e148f7762c8115b790f9,TRAJECTORY_BUILD_map_matching,ODbL-1.0 + upstream notices
data/map_matching/matched_edges/partition_0052.parquet,236552,5dbb94d709bdeec81276f98fa965825cfa39ced65959fbaacdab6efbdb40bc8e,TRAJECTORY_BUILD_map_matching,ODbL-1.0 + upstream notices
data/map_matching/matched_edges/partition_0053.parquet,111102,7d8490791d159df842b912bdea71bc9d2f5b4d7a7227287899f9ed12bc55ed9a,TRAJECTORY_BUILD_map_matching,ODbL-1.0 + upstream notices
data/map_matching/matched_points/partition_0000.parquet,8744561,37ae266ba7c50dcd23dc80caaf5202212998a46951cffa9cf104a3aab0027418,TRAJECTORY_BUILD_map_matching,ODbL-1.0 + upstream notices
data/map_matching/matched_points/partition_0001.parquet,11101253,fc0ddaf326d06dad2c1992b1b59985a2f3f4068f4d8b9f137b628311b4fc774c,TRAJECTORY_BUILD_map_matching,ODbL-1.0 + upstream notices
data/map_matching/matched_points/partition_0002.parquet,12639953,372f8637e362e81f585a0c104566a804f845adee0290df5a8aea39d7007a4686,TRAJECTORY_BUILD_map_matching,ODbL-1.0 + upstream notices
data/map_matching/matched_points/partition_0003.parquet,10019589,80f0eb463e43d444275ae9ca509c869fb1196162a36ae2c2212cf9f0fe71b907,TRAJECTORY_BUILD_map_matching,ODbL-1.0 + upstream notices
data/map_matching/matched_points/partition_0004.parquet,11468168,2201263cfc6dd4fd41c727b1d75cd6c0186bbe7ec0fb47de0090ac5f74a489a2,TRAJECTORY_BUILD_map_matching,ODbL-1.0 + upstream notices
data/map_matching/matched_points/partition_0005.parquet,12351485,c4b4b94e85cd25efc122b7ef1bf8e672a187838d2b9dde9e192d5aa241e8d163,TRAJECTORY_BUILD_map_matching,ODbL-1.0 + upstream notices
data/map_matching/matched_points/partition_0006.parquet,13974651,e819266ad69b74adbc388363455ebdc1061eab3995c2786fb4cf94a6315fa41b,TRAJECTORY_BUILD_map_matching,ODbL-1.0 + upstream notices
data/map_matching/matched_points/partition_0007.parquet,10849535,fed45ab495195197fb9b49b5992c824ca50f2308eade8c2b7eaec6001a29ccc6,TRAJECTORY_BUILD_map_matching,ODbL-1.0 + upstream notices
data/map_matching/matched_points/partition_0008.parquet,5597683,a1254800157d91fbfec3dcb20386aafcccffb8c7b04bd21fd9401162c85dce15,TRAJECTORY_BUILD_map_matching,ODbL-1.0 + upstream notices
data/map_matching/matched_points/partition_0009.parquet,7979543,728a9d1764f763db40ff9f8bd18581d17a3b501f8528bbb2dc91cfeb70d509fc,TRAJECTORY_BUILD_map_matching,ODbL-1.0 + upstream notices
data/map_matching/matched_points/partition_0010.parquet,11584816,8d9a65ab419e8a94ee39aafdc30b126a993cb96497f6078ec5fef1521e6458fc,TRAJECTORY_BUILD_map_matching,ODbL-1.0 + upstream notices
data/map_matching/matched_points/partition_0011.parquet,11104931,d220c1b76dd6e0cda6a545398a0f8ae07b345e923891ec3336f23d4ef9614378,TRAJECTORY_BUILD_map_matching,ODbL-1.0 + upstream notices
data/map_matching/matched_points/partition_0012.parquet,9773592,86b727f5a210a9e633acd287bfba8af60c377761a46a52f7ca3950f6d15b0928,TRAJECTORY_BUILD_map_matching,ODbL-1.0 + upstream notices
data/map_matching/matched_points/partition_0013.parquet,10230495,3f717d48c8603d0f67ca2894454eaf92b949f7db1311ceec70905ed55833f2fd,TRAJECTORY_BUILD_map_matching,ODbL-1.0 + upstream notices
data/map_matching/matched_points/partition_0014.parquet,8994300,b5f07d8e709c3206c364034b861d874eb3055a23762426a9a623be6ea0defb72,TRAJECTORY_BUILD_map_matching,ODbL-1.0 + upstream notices
data/map_matching/matched_points/partition_0015.parquet,8173748,864d013c5bf44c2dfe04356d0f88c3ce3c02a77fff82769b142742df2821feb1,TRAJECTORY_BUILD_map_matching,ODbL-1.0 + upstream notices
data/map_matching/matched_points/partition_0016.parquet,4909988,871f55aa6ffa12b94690cf81054297e08f0e9dab6dffeb94229c5b8bdaf4f00e,TRAJECTORY_BUILD_map_matching,ODbL-1.0 + upstream notices
data/map_matching/matched_points/partition_0017.parquet,8451177,b86c21bb2b0cf6a2136782fd8b29f8584e827ed68d1d006316732eb91d0ef360,TRAJECTORY_BUILD_map_matching,ODbL-1.0 + upstream notices
data/map_matching/matched_points/partition_0018.parquet,7843480,698dbb628a288e94b99fc039bc542dfe8aaae1c93302a710ee07766dff731c31,TRAJECTORY_BUILD_map_matching,ODbL-1.0 + upstream notices
data/map_matching/matched_points/partition_0019.parquet,9111222,4d1ed1ef9c8aa21e54e4975347813122636fb26a18d664166434d6cef5e21ab1,TRAJECTORY_BUILD_map_matching,ODbL-1.0 + upstream notices
data/map_matching/matched_points/partition_0020.parquet,7880012,4940668263c1416333ddf7fe80ae1f7db110443e7ddfd49de7057fc63ef18c8f,TRAJECTORY_BUILD_map_matching,ODbL-1.0 + upstream notices
data/map_matching/matched_points/partition_0021.parquet,6620637,45fd85861201c2541a1a00338cbcff7396929ded62c69fb84d924e0348f91b80,TRAJECTORY_BUILD_map_matching,ODbL-1.0 + upstream notices
data/map_matching/matched_points/partition_0022.parquet,9771595,7aa8bf638ad06a04987534b2a25a33d1c32464d7fd1f96aa99757e7bff06a841,TRAJECTORY_BUILD_map_matching,ODbL-1.0 + upstream notices
data/map_matching/matched_points/partition_0023.parquet,9477776,2329f6d633d2eb950e708d4cf32ab5926c8def62b26a9e94c3bda5724d89b493,TRAJECTORY_BUILD_map_matching,ODbL-1.0 + upstream notices
data/map_matching/matched_points/partition_0024.parquet,10045340,4992e54768e7f2a13f4252a8618f87f9a7ab8b1c9cf4c856e8dc74edb9cfa8aa,TRAJECTORY_BUILD_map_matching,ODbL-1.0 + upstream notices
data/map_matching/matched_points/partition_0025.parquet,9471127,f1f08af971389e74af75e90bee9290b0f787732b51dd27b9c5fb5d92a541804e,TRAJECTORY_BUILD_map_matching,ODbL-1.0 + upstream notices
data/map_matching/matched_points/partition_0026.parquet,8386467,805b5cba61d93b87d3548d373aac6315003f99a2c2583706f3f7d2485ba2dbb1,TRAJECTORY_BUILD_map_matching,ODbL-1.0 + upstream notices
data/map_matching/matched_points/partition_0027.parquet,8322339,213e302d29f4985c190f173c6710b3e09ad3dc056a214dee43f8a953200e7c6f,TRAJECTORY_BUILD_map_matching,ODbL-1.0 + upstream notices
data/map_matching/matched_points/partition_0028.parquet,9234281,7e530566b17810fb4faac8c9bc92a9cf9185346d4a784b848657ef32073917c0,TRAJECTORY_BUILD_map_matching,ODbL-1.0 + upstream notices
data/map_matching/matched_points/partition_0029.parquet,9026149,2f024aa339a6b6bbd196bfc7f72a46013938e8676330a139535e4b3f6e9b4126,TRAJECTORY_BUILD_map_matching,ODbL-1.0 + upstream notices
data/map_matching/matched_points/partition_0030.parquet,7773298,ec14514b21b7e6e2c7700ed4ce541689eda8835f1241f14cfbfac96d14c966d5,TRAJECTORY_BUILD_map_matching,ODbL-1.0 + upstream notices
data/map_matching/matched_points/partition_0031.parquet,8620438,d2eed33d0b874020da1f81523be87756b3bc94802815df318ff9a29ed083c187,TRAJECTORY_BUILD_map_matching,ODbL-1.0 + upstream notices
data/map_matching/matched_points/partition_0032.parquet,6802345,33874dc06db544bbefc8cf0f3edf60c06987225affd3738c6523bfe9097995da,TRAJECTORY_BUILD_map_matching,ODbL-1.0 + upstream notices
data/map_matching/matched_points/partition_0033.parquet,8696029,c7d975195dcaaaf069c171e8e369d6c0118fb504c3473098cdac7a5b9495ba05,TRAJECTORY_BUILD_map_matching,ODbL-1.0 + upstream notices
data/map_matching/matched_points/partition_0034.parquet,8206702,b50d19f11a977b76cde2fbb5818240e952dbcb913b378f1490129d73826ecfb9,TRAJECTORY_BUILD_map_matching,ODbL-1.0 + upstream notices
data/map_matching/matched_points/partition_0035.parquet,5719530,e1c80ee88f1d8f41135c8af09d6f49f291068c73a61a3550e71d2a4e3b9b6112,TRAJECTORY_BUILD_map_matching,ODbL-1.0 + upstream notices
data/map_matching/matched_points/partition_0036.parquet,7662536,af811164c458d483163837cf218113cbb2aec5fe6744cfbb8bbf24556badb26e,TRAJECTORY_BUILD_map_matching,ODbL-1.0 + upstream notices
data/map_matching/matched_points/partition_0037.parquet,7600679,548e6cfe49f4e7c133d010e46cd36b39c17408ac83973000652a9f3c77dfce5b,TRAJECTORY_BUILD_map_matching,ODbL-1.0 + upstream notices
data/map_matching/matched_points/partition_0038.parquet,5386268,d0fbee61bd698af78a6dfd98a416ac6ba9723b1fa90eee08425eeff8ddd303b9,TRAJECTORY_BUILD_map_matching,ODbL-1.0 + upstream notices
data/map_matching/matched_points/partition_0039.parquet,6527500,c6690692c38b27dd5903a5480c4ff082e5c6e8dfe4c9af033f59c557b6fa3e10,TRAJECTORY_BUILD_map_matching,ODbL-1.0 + upstream notices
data/map_matching/matched_points/partition_0040.parquet,6113294,879e282df94296483528df2fcbd301546a5752c3d0a989673323febe2e8fd5f9,TRAJECTORY_BUILD_map_matching,ODbL-1.0 + upstream notices
data/map_matching/matched_points/partition_0041.parquet,4949338,3f231ba130545cc2badcb510b50367c65196a177da62e09ca058c529a5fb9f49,TRAJECTORY_BUILD_map_matching,ODbL-1.0 + upstream notices
data/map_matching/matched_points/partition_0042.parquet,4915066,41b28fbfd48bd9e6898e5006550327ac71fdccf8fec98dc92e9ddbff2156157d,TRAJECTORY_BUILD_map_matching,ODbL-1.0 + upstream notices
data/map_matching/matched_points/partition_0043.parquet,5778701,e15a0699ee657bfa8c01056e9c4e90f6aa454d4f80ae3abab8a45c1083e27a11,TRAJECTORY_BUILD_map_matching,ODbL-1.0 + upstream notices
data/map_matching/matched_points/partition_0044.parquet,5513979,7a5b5765e679e6b0e7b56a7c6c968898b691bf8d036bd6c471818ac365aed7ff,TRAJECTORY_BUILD_map_matching,ODbL-1.0 + upstream notices
data/map_matching/matched_points/partition_0045.parquet,6422908,7c2c7dd88afabe40e6e8fba6eebf59f02a8837cac7d9a938d9dd0ac31bf15163,TRAJECTORY_BUILD_map_matching,ODbL-1.0 + upstream notices
data/map_matching/matched_points/partition_0046.parquet,6502329,f31e775ca8fd06f9c632c137d1061c289473a1244abdce992523a99f9fb91b05,TRAJECTORY_BUILD_map_matching,ODbL-1.0 + upstream notices
data/map_matching/matched_points/partition_0047.parquet,7517957,9d2048cb7700a9892d7ee4e9fb07e0fab42ad5800500f06bf425d07be5b99c1c,TRAJECTORY_BUILD_map_matching,ODbL-1.0 + upstream notices
data/map_matching/matched_points/partition_0048.parquet,6487850,3635d6c6277568b9a51b9db50306408cd9aeef2b497eeafc376c751dadc0a283,TRAJECTORY_BUILD_map_matching,ODbL-1.0 + upstream notices
data/map_matching/matched_points/partition_0049.parquet,5551972,b72de666927d0e9ded3710e695c97c11e0c536447de5f1973dcff7ad70c971a5,TRAJECTORY_BUILD_map_matching,ODbL-1.0 + upstream notices
data/map_matching/matched_points/partition_0050.parquet,6637450,ecb43a543e710e3d9ee87fd2760d0827a639d8df8ccdc45c310719b4693be92d,TRAJECTORY_BUILD_map_matching,ODbL-1.0 + upstream notices
data/map_matching/matched_points/partition_0051.parquet,9394059,5f10753edce4b69bdeb85dd30c02ceb381819de2aef9a3e77109d45bd476dd49,TRAJECTORY_BUILD_map_matching,ODbL-1.0 + upstream notices
data/map_matching/matched_points/partition_0052.parquet,6401855,c3e7d2b2aaa1fb2c922ae1fbc58aa65149f6184a57a862ed59996034461afb86,TRAJECTORY_BUILD_map_matching,ODbL-1.0 + upstream notices
data/map_matching/matched_points/partition_0053.parquet,2588344,ee0a07a816d3babd77555988a852739522dab3145a9389ec8eb9baebc72b3736,TRAJECTORY_BUILD_map_matching,ODbL-1.0 + upstream notices
data/map_matching/partition_manifest.json,157936,c51e11be50657258399d23baf40b665de31768e680dfe2b35ed775506e2d8065,TRAJECTORY_BUILD_map_matching,ODbL-1.0 + upstream notices
data/map_matching/partitioned_map_match_summary.json,1127,dd8b7dee4edda8ea420565c0ea52027eed65f2595d7f07889401ddd6c001b57a,TRAJECTORY_BUILD_map_matching,ODbL-1.0 + upstream notices
data/row_enriched/TRAJECTORY_BUILD_PARTITIONED_ROW_PRODUCTION.md,257,aa7f4577f66189ea8676acee17b5cc3bf1a46c0369aa98c23ca2ecd9611bdf69,TRAJECTORY_BUILD_row_enriched,ODbL-1.0 + upstream notices
data/row_enriched/partition_0000.parquet,43043945,7275c0b443c7932edf04f9dc67e7066080bdf1753c0397789d86e234dfe86853,TRAJECTORY_BUILD_row_enriched,ODbL-1.0 + upstream notices
data/row_enriched/partition_0001.parquet,52689873,9920cd98b69c0332987d55432a32c2cc29efb49202454cc7ed7bc359e04ec55f,TRAJECTORY_BUILD_row_enriched,ODbL-1.0 + upstream notices
data/row_enriched/partition_0002.parquet,60187591,cb1728e30ddb8ac2c51543d0b3b1a5f166a59c7cd36af513e2de879eed4e7f97,TRAJECTORY_BUILD_row_enriched,ODbL-1.0 + upstream notices
data/row_enriched/partition_0003.parquet,47564101,af4c12179f309281a014ca3db110fe4820af100c664adc906d736a3e0aab2dd8,TRAJECTORY_BUILD_row_enriched,ODbL-1.0 + upstream notices
data/row_enriched/partition_0004.parquet,53653214,365c77553754bde6425292ba55778ccf0564730cbab864e0cad8bc6e1a33cbb0,TRAJECTORY_BUILD_row_enriched,ODbL-1.0 + upstream notices
data/row_enriched/partition_0005.parquet,58709233,f0c5fcf631795b58154536b8ae3e2dfdd66de46f216a4748c4cd762d6fa66587,TRAJECTORY_BUILD_row_enriched,ODbL-1.0 + upstream notices
data/row_enriched/partition_0006.parquet,66479271,51485d903b6e0435c356d5f135466f00a79435bd0ff36d0ec5a6fbd6c509ee36,TRAJECTORY_BUILD_row_enriched,ODbL-1.0 + upstream notices
data/row_enriched/partition_0007.parquet,53434851,97e99e56c2884dd8d80e6f580b43431b90489232e77bb6c042be7c2afe0e71a5,TRAJECTORY_BUILD_row_enriched,ODbL-1.0 + upstream notices
data/row_enriched/partition_0008.parquet,28724842,e4dc502e2413ff6f338feb1f35551d42bac07a774d3e3e2dd7c1033332b7eb4f,TRAJECTORY_BUILD_row_enriched,ODbL-1.0 + upstream notices
data/row_enriched/partition_0009.parquet,39065224,8bedc85bda5ef7c841a20de366851c4cef9e638145fe5eb538da7f1e630d6706,TRAJECTORY_BUILD_row_enriched,ODbL-1.0 + upstream notices
data/row_enriched/partition_0010.parquet,55519177,18f6d1627d7f5437d0d0e4ddb7c5fa1195c83218601ce858e7d41fb51f4b1d30,TRAJECTORY_BUILD_row_enriched,ODbL-1.0 + upstream notices
data/row_enriched/partition_0011.parquet,53366185,6b471bd3e251ea5f96186c185b9de6ec6d40dab9c46042b5d8acf9d6fcf72ae5,TRAJECTORY_BUILD_row_enriched,ODbL-1.0 + upstream notices
data/row_enriched/partition_0012.parquet,46714788,7d0793eb245ab8717464f3bde85ba91759231ff53c7fa4476d56c32c2b8e0ce0,TRAJECTORY_BUILD_row_enriched,ODbL-1.0 + upstream notices
data/row_enriched/partition_0013.parquet,48701010,fa6aa4d601823185fa2657830f803836f1ce481352625703acb511316fe3a830,TRAJECTORY_BUILD_row_enriched,ODbL-1.0 + upstream notices
data/row_enriched/partition_0014.parquet,42763092,9daf70d4035783cc1226a9435a2843274cc6678ec6a59c78e8febcad1831daa3,TRAJECTORY_BUILD_row_enriched,ODbL-1.0 + upstream notices
data/row_enriched/partition_0015.parquet,38799470,b8656b5b324b59d5d75f61313137ba275276a19e903e8e8b6a85e8bb837b71d9,TRAJECTORY_BUILD_row_enriched,ODbL-1.0 + upstream notices
data/row_enriched/partition_0016.parquet,26517357,53a336d2421318e100cd606d488fb811bded293f2f568699edc85257e28b729e,TRAJECTORY_BUILD_row_enriched,ODbL-1.0 + upstream notices
data/row_enriched/partition_0017.parquet,40603061,25dfca34477580e42f46fc8ca3ee26b3ff4e80f2a12020ed5d8a94704123377f,TRAJECTORY_BUILD_row_enriched,ODbL-1.0 + upstream notices
data/row_enriched/partition_0018.parquet,39405718,53cfb635b9aae68af6d710ad3402e6e057e20aee7a9528b27d6fafcace04450d,TRAJECTORY_BUILD_row_enriched,ODbL-1.0 + upstream notices
data/row_enriched/partition_0019.parquet,43174460,f784024ec831806edda7f1262bf8d1fcb092b26035e8182b3f2043d1bc62b212,TRAJECTORY_BUILD_row_enriched,ODbL-1.0 + upstream notices
data/row_enriched/partition_0020.parquet,39674778,5544fca454bb65efda72f22af77a6f2f699ad3be48b1690a71d2b05ed9b5d7de,TRAJECTORY_BUILD_row_enriched,ODbL-1.0 + upstream notices
data/row_enriched/partition_0021.parquet,35469687,ecf7bf3aafccd7447f10afa7d2e18443aacc07de2ca3ad761d40b5ab534e1d5f,TRAJECTORY_BUILD_row_enriched,ODbL-1.0 + upstream notices
data/row_enriched/partition_0022.parquet,46757553,10dce385044d41ebe15022141b8c74d29c99f7c70f321366363a43eff5fe40e6,TRAJECTORY_BUILD_row_enriched,ODbL-1.0 + upstream notices
data/row_enriched/partition_0023.parquet,44528315,ad4b54f55f09d613336c426caaaea8e35a747967562f2f0f3f14084157ef98c8,TRAJECTORY_BUILD_row_enriched,ODbL-1.0 + upstream notices
data/row_enriched/partition_0024.parquet,48132050,f736e2431f08fba21af9cb14180ff97c3da74616d6a9e2d483760d1a278d0b9e,TRAJECTORY_BUILD_row_enriched,ODbL-1.0 + upstream notices
data/row_enriched/partition_0025.parquet,45176493,35f6c63e588118a4ab90b1a50d4ad22864180dbc24ce18833bdc01a521a8818e,TRAJECTORY_BUILD_row_enriched,ODbL-1.0 + upstream notices
data/row_enriched/partition_0026.parquet,40988154,3a77090c8c3b553a19e6481ab1e0e3a2933f4c5fda8e1e79865eeaf63f5523be,TRAJECTORY_BUILD_row_enriched,ODbL-1.0 + upstream notices
data/row_enriched/partition_0027.parquet,40711920,466073688b4d5c89729be3ce39abc93c65931e67236abb11a21c97875388ca62,TRAJECTORY_BUILD_row_enriched,ODbL-1.0 + upstream notices
data/row_enriched/partition_0028.parquet,45915508,4ec9fe8e351eda2b61ebffead4959569061ca6e55c2556e585b36032eef753e9,TRAJECTORY_BUILD_row_enriched,ODbL-1.0 + upstream notices
data/row_enriched/partition_0029.parquet,43229075,d2c0bb6b0b7d869c84b8d175d593b1931443b674a5de1df6b5ba9084a3e9838e,TRAJECTORY_BUILD_row_enriched,ODbL-1.0 + upstream notices
data/row_enriched/partition_0030.parquet,39133258,ecbffcef0b30e71858e54a02abbda6af896ac934d99690f7ef986792bb8d30e5,TRAJECTORY_BUILD_row_enriched,ODbL-1.0 + upstream notices
data/row_enriched/partition_0031.parquet,41713853,6714b61183c27138e8d796abef4b5058db3abb32c7383d69c8b77e68d09c78af,TRAJECTORY_BUILD_row_enriched,ODbL-1.0 + upstream notices
data/row_enriched/partition_0032.parquet,34420098,2ee663b399af2802b7468cc1356ec8fb5952ec206972f05654f0a3ae5ef2492c,TRAJECTORY_BUILD_row_enriched,ODbL-1.0 + upstream notices
data/row_enriched/partition_0033.parquet,42764113,bd79e002298a55edd51001c151b0f929c4a01923813c42bc39ffbdd55bfa61f6,TRAJECTORY_BUILD_row_enriched,ODbL-1.0 + upstream notices
data/row_enriched/partition_0034.parquet,40168012,d4d195ab6a66a4501582e1b9134e7a0ef327131151a17fd45c6ee5453461d2de,TRAJECTORY_BUILD_row_enriched,ODbL-1.0 + upstream notices
data/row_enriched/partition_0035.parquet,29797799,02fda147d859e46d8c959b9db7e28ed40e5dabf20cdc683d7fbaf0f6c0f0924a,TRAJECTORY_BUILD_row_enriched,ODbL-1.0 + upstream notices
data/row_enriched/partition_0036.parquet,37668311,b8d75c62c0adcf7cc8a92cb646b326bc6f5f787b1e1652fa8184f76645b12f87,TRAJECTORY_BUILD_row_enriched,ODbL-1.0 + upstream notices
data/row_enriched/partition_0037.parquet,38167848,77aae9f8e91b039afff4f093d799b889060f9fac17b94f94afb1dfc5fbe4cd23,TRAJECTORY_BUILD_row_enriched,ODbL-1.0 + upstream notices
data/row_enriched/partition_0038.parquet,29753828,54d4b3429ae35d09667ae1794a9901bc9e4fd52cb958b536aeaffb0a60a3f2e7,TRAJECTORY_BUILD_row_enriched,ODbL-1.0 + upstream notices
data/row_enriched/partition_0039.parquet,32452215,41f034ac1df9c8d076a65f2af908c17aeefde37333312132488c38f83e123e8f,TRAJECTORY_BUILD_row_enriched,ODbL-1.0 + upstream notices
data/row_enriched/partition_0040.parquet,32298028,6da81c19849cc7e214b081043bc67761a9544d1b6915631d3b16e063d63963c9,TRAJECTORY_BUILD_row_enriched,ODbL-1.0 + upstream notices
data/row_enriched/partition_0041.parquet,27036859,a4105a2d072cbc37ef64988459f68e72b60251f943e4109aca0d1f37c4c023d1,TRAJECTORY_BUILD_row_enriched,ODbL-1.0 + upstream notices
data/row_enriched/partition_0042.parquet,27059645,f596aa98053d82bdf1cb68c51c17656ab760448e746b2ff298d369c6c400853c,TRAJECTORY_BUILD_row_enriched,ODbL-1.0 + upstream notices
data/row_enriched/partition_0043.parquet,30656112,327bb78fc872b207ef13c3f3bda56c09b6651730f8551b84ad470c27696196fb,TRAJECTORY_BUILD_row_enriched,ODbL-1.0 + upstream notices
data/row_enriched/partition_0044.parquet,29013530,33f42095700e7ee6fa1585b2165562f9c54033333231be630aa484d7ec87d073,TRAJECTORY_BUILD_row_enriched,ODbL-1.0 + upstream notices
data/row_enriched/partition_0045.parquet,32046162,26f150641d01186d52648dbfeb7e68108128cf7f0367f9c0794fc09eeed72899,TRAJECTORY_BUILD_row_enriched,ODbL-1.0 + upstream notices
data/row_enriched/partition_0046.parquet,34899802,7e0136e42a31458442eeea6fcfe7c064a09391d282796ad8d91120114b0bddc3,TRAJECTORY_BUILD_row_enriched,ODbL-1.0 + upstream notices
data/row_enriched/partition_0047.parquet,36862751,0680f8bdf48060fc61f50ab237aa9f533aad3948a84d5f2432b05a0cacc31c01,TRAJECTORY_BUILD_row_enriched,ODbL-1.0 + upstream notices
data/row_enriched/partition_0048.parquet,32173450,b68d84067611bd66101e7886c288d5f24dd73cdd911d6487be4555f6f55f89f1,TRAJECTORY_BUILD_row_enriched,ODbL-1.0 + upstream notices
data/row_enriched/partition_0049.parquet,28669502,f3c5827ef606c74b95d1e8bb1a7f18a474bac02c404f29a9ee0cde28ea8805a3,TRAJECTORY_BUILD_row_enriched,ODbL-1.0 + upstream notices
data/row_enriched/partition_0050.parquet,36155436,e27afa96be8f23803d25853c07573edc4f1d6fa264f277d09c037ccaa4549f0f,TRAJECTORY_BUILD_row_enriched,ODbL-1.0 + upstream notices
data/row_enriched/partition_0051.parquet,43697576,cb6c300048a1f5896a321ce17225ba67d7027c428d5a7c898fe09496a6757078,TRAJECTORY_BUILD_row_enriched,ODbL-1.0 + upstream notices
data/row_enriched/partition_0052.parquet,33008322,0454b39e7b1db39a727ba9610f8aa2b68438d0bc213cd84bfb40e2068245f086,TRAJECTORY_BUILD_row_enriched,ODbL-1.0 + upstream notices
data/row_enriched/partition_0053.parquet,11958455,eee8b4eb14cabf9c7aecdeeeb4b436280a9fe96e0e9018dd95e5357c4aa0c6e6,TRAJECTORY_BUILD_row_enriched,ODbL-1.0 + upstream notices
data/row_enriched/partition_manifest.json,124306,3bac3ee5b55b52af56b846bc953fd6048af4d98ce381d5b245f53d7cea34bbb4,TRAJECTORY_BUILD_row_enriched,ODbL-1.0 + upstream notices
data/row_enriched/partitioned_row_summary.json,1015,02e8df21917c0984e76e91ef5eb01ed6ad7147190315ee2a10a7bae78ffb1af6,TRAJECTORY_BUILD_row_enriched,ODbL-1.0 + upstream notices
data/segments/SEGMENT_SPLIT_SEGMENT_GATE.md,382,d690706af2db7e98d0931784df5c9f1385742cbad018b4f473b515d1d2e534eb,SEGMENT_SPLIT_segments_and_splits,ODbL-1.0 + upstream notices
data/segments/partitions/partition_0000/row_segment_assignments.parquet,17338311,7fc06986d42ae92ae9fbaf71372cabb901d3c85007e2f63a4e9e25cf39f7dead,SEGMENT_SPLIT_segments_and_splits,ODbL-1.0 + upstream notices
data/segments/partitions/partition_0000/segments.parquet,3790327,aa521302c7979fcae1d7606a344911a05d94a8eee7f7d21c489176830dd65c96,SEGMENT_SPLIT_segments_and_splits,ODbL-1.0 + upstream notices
data/segments/partitions/partition_0001/row_segment_assignments.parquet,18910516,43db3d018cc845f86a635518c2ebfd3a3e905c01d0ee6e145da97546e976456b,SEGMENT_SPLIT_segments_and_splits,ODbL-1.0 + upstream notices
data/segments/partitions/partition_0001/segments.parquet,3822899,7f18e544a664a8ae07c48e39493caea70366652e729022278c4a78f6a1bf84a7,SEGMENT_SPLIT_segments_and_splits,ODbL-1.0 + upstream notices
data/segments/partitions/partition_0002/row_segment_assignments.parquet,21251652,3416ad58d7b6cd4cc92facf87e547ad514865fc73151c24c5e935431d7c08e7b,SEGMENT_SPLIT_segments_and_splits,ODbL-1.0 + upstream notices
data/segments/partitions/partition_0002/segments.parquet,4217411,ac6690c02ae9e70a348957457535da403a2ab12dcbc3d08dea0dbdf925e8172f,SEGMENT_SPLIT_segments_and_splits,ODbL-1.0 + upstream notices
data/segments/partitions/partition_0003/row_segment_assignments.parquet,16780086,6d12e1247220fdfc4e7e5a54d8d5f7316da8f69c4efd947a57a489657ecddf37,SEGMENT_SPLIT_segments_and_splits,ODbL-1.0 + upstream notices
data/segments/partitions/partition_0003/segments.parquet,3355457,895c2dffef0bc37d00e774e2c5020d5b3e751fc17730a0bb19f81c5ed6819808,SEGMENT_SPLIT_segments_and_splits,ODbL-1.0 + upstream notices
data/segments/partitions/partition_0004/row_segment_assignments.parquet,18771475,29f65fd57d8666e5f72e23194d175700f3390897ee9974df0a5b68416c7f4bc0,SEGMENT_SPLIT_segments_and_splits,ODbL-1.0 + upstream notices
data/segments/partitions/partition_0004/segments.parquet,3833182,512bc28deddb37c316472a58df0a3a07b7d180da257441dd4f901bd63b1be01d,SEGMENT_SPLIT_segments_and_splits,ODbL-1.0 + upstream notices
data/segments/partitions/partition_0005/row_segment_assignments.parquet,20915421,31e7e6d15d20ab8afecda5f7edec8a90cbe68d27358c23c6768342aa3657fb0a,SEGMENT_SPLIT_segments_and_splits,ODbL-1.0 + upstream notices
data/segments/partitions/partition_0005/segments.parquet,4110464,0b8377c279be3c587b4cce90fe415bdf0d2c7552c99c9c142ebcf9cf469f5352,SEGMENT_SPLIT_segments_and_splits,ODbL-1.0 + upstream notices
data/segments/partitions/partition_0006/row_segment_assignments.parquet,23733934,639a899e017ac5902ba3fd077158b52d3d24538f1353eeb44e00bfb0b81140f5,SEGMENT_SPLIT_segments_and_splits,ODbL-1.0 + upstream notices
data/segments/partitions/partition_0006/segments.parquet,4565850,2aeedb05c7b37888730c9c160be21896593b8f2ab12d3af62db2be9a36e3e70e,SEGMENT_SPLIT_segments_and_splits,ODbL-1.0 + upstream notices
data/segments/partitions/partition_0007/row_segment_assignments.parquet,19031773,b41af75cc3c88682f6b4c9e0dff075dc37ac5776eb09e7d6b00755ebbc5b4543,SEGMENT_SPLIT_segments_and_splits,ODbL-1.0 + upstream notices
data/segments/partitions/partition_0007/segments.parquet,3783029,e7c35280126b7d632369ef20b694a9ff913a8a5d4025e217912e8a49fc9e9954,SEGMENT_SPLIT_segments_and_splits,ODbL-1.0 + upstream notices
data/segments/partitions/partition_0008/row_segment_assignments.parquet,11109482,d46d254a49029d375b41b97cb281a8c25bce57af60e36a1925214974887500ed,SEGMENT_SPLIT_segments_and_splits,ODbL-1.0 + upstream notices
data/segments/partitions/partition_0008/segments.parquet,2310857,8b06d7a215f6c1b69ad41bacd82c23fb1611db60e79146882428636bc9a147dd,SEGMENT_SPLIT_segments_and_splits,ODbL-1.0 + upstream notices
data/segments/partitions/partition_0009/row_segment_assignments.parquet,13922116,496a19316d760b034a210584d5dbf0c1c2670f29f740202105dbc11e5253face,SEGMENT_SPLIT_segments_and_splits,ODbL-1.0 + upstream notices
data/segments/partitions/partition_0009/segments.parquet,2899924,e90d2cd0c9cac8c06e5a1a1360165bc8d5c1a8e4219356297ae0c6f346e73cfa,SEGMENT_SPLIT_segments_and_splits,ODbL-1.0 + upstream notices
data/segments/partitions/partition_0010/row_segment_assignments.parquet,19432435,7d15388734a9fe0d0efe9162e7a10f0e34ee33205dfaeddba22f7f221c88ea35,SEGMENT_SPLIT_segments_and_splits,ODbL-1.0 + upstream notices
data/segments/partitions/partition_0010/segments.parquet,3924112,e4e350e19230d2bd1aadbc6a5aaaabff67c0791dffe3bd252c2b4d074fed374b,SEGMENT_SPLIT_segments_and_splits,ODbL-1.0 + upstream notices
data/segments/partitions/partition_0011/row_segment_assignments.parquet,18599838,f86f8c82e8e28eec8e4993246a70d651fddd7c690e16232765afe119b80f4d5e,SEGMENT_SPLIT_segments_and_splits,ODbL-1.0 + upstream notices
data/segments/partitions/partition_0011/segments.parquet,3839051,536ec498ee168d9419c1fca31832cc00a0f02f6cbda3a5698bbdd74c81a6d87f,SEGMENT_SPLIT_segments_and_splits,ODbL-1.0 + upstream notices
data/segments/partitions/partition_0012/row_segment_assignments.parquet,16152313,b51100c57360c16d65843983c78c361b778ea96a2de2a38764edb89df2a48acb,SEGMENT_SPLIT_segments_and_splits,ODbL-1.0 + upstream notices
data/segments/partitions/partition_0012/segments.parquet,3356679,c39a15996d5c7692ff530d30bd0c5f709b96f729d11957c42826812034c12605,SEGMENT_SPLIT_segments_and_splits,ODbL-1.0 + upstream notices
data/segments/partitions/partition_0013/row_segment_assignments.parquet,16954547,5d398352b9e9fdd3ef59f0473ba4574fe322c64016d55b89fbece93a80e73725,SEGMENT_SPLIT_segments_and_splits,ODbL-1.0 + upstream notices
data/segments/partitions/partition_0013/segments.parquet,3488679,d542c2f39569851f56cd80ada35bd7ca66887f25855c0296853d86d20fc22fb2,SEGMENT_SPLIT_segments_and_splits,ODbL-1.0 + upstream notices
data/segments/partitions/partition_0014/row_segment_assignments.parquet,14863350,4a5500f07f24de4cf24319686f74746d883c0c157c9253acca29a6370a926cc8,SEGMENT_SPLIT_segments_and_splits,ODbL-1.0 + upstream notices
data/segments/partitions/partition_0014/segments.parquet,3057815,baef9ce27383fb7bdcc6c4887677936789aa5ce7cc8e3ae5b6a01bcf06b955c0,SEGMENT_SPLIT_segments_and_splits,ODbL-1.0 + upstream notices
data/segments/partitions/partition_0015/row_segment_assignments.parquet,13807550,cf675fa3d879a31dd7e4c1f94a72ca01b8f85f7b0b494e90510c63dab5ee52e7,SEGMENT_SPLIT_segments_and_splits,ODbL-1.0 + upstream notices
data/segments/partitions/partition_0015/segments.parquet,2920098,471bc57407ab105b5d3da6a3cf0a0e4b4031535ba96c3140108e1702f7c2639e,SEGMENT_SPLIT_segments_and_splits,ODbL-1.0 + upstream notices
data/segments/partitions/partition_0016/row_segment_assignments.parquet,10153568,7422f07d7086545aa6fcdf043817fc5fd9825056602c9ca29eaeb985a115de06,SEGMENT_SPLIT_segments_and_splits,ODbL-1.0 + upstream notices
data/segments/partitions/partition_0016/segments.parquet,2206947,b550e2e32468d4a55a58e4e3dfff5d434a9c518d8a2741e3f60512157dd814f4,SEGMENT_SPLIT_segments_and_splits,ODbL-1.0 + upstream notices
data/segments/partitions/partition_0017/row_segment_assignments.parquet,14245595,5016e944b463b2ecf86ac5da72217e07a594920e29edbae28222f252e24fd556,SEGMENT_SPLIT_segments_and_splits,ODbL-1.0 + upstream notices
data/segments/partitions/partition_0017/segments.parquet,3007139,425c03106ffca6eb2e052f2442bc602b73c0164a84b6547ed3368f4e2a12f329,SEGMENT_SPLIT_segments_and_splits,ODbL-1.0 + upstream notices
data/segments/partitions/partition_0018/row_segment_assignments.parquet,14087516,5cdbf9158317b5dcd07e4c9676a927172cf3d41a9675365983413a2ca45e27cc,SEGMENT_SPLIT_segments_and_splits,ODbL-1.0 + upstream notices
data/segments/partitions/partition_0018/segments.parquet,2970067,426f3ee728ee293f10c603258a6051fe93c0e442899646e451ac3c9db38025f4,SEGMENT_SPLIT_segments_and_splits,ODbL-1.0 + upstream notices
data/segments/partitions/partition_0019/row_segment_assignments.parquet,14878265,fb484366ca3bde103cb11f9307ed26d5750f1e3751badbb75c66dbc5e1be0170,SEGMENT_SPLIT_segments_and_splits,ODbL-1.0 + upstream notices
data/segments/partitions/partition_0019/segments.parquet,3155008,f27a1b9fd6c802f4ea2f619eb02c0e30570ebbb07b1114fe5f7fdbbbc2fb1ca3,SEGMENT_SPLIT_segments_and_splits,ODbL-1.0 + upstream notices
data/segments/partitions/partition_0020/row_segment_assignments.parquet,14210591,912d543fe2b62c9cb6f4fb7cf6d147eec14ffdbb652d8a9bc834a6d4b3d1cd99,SEGMENT_SPLIT_segments_and_splits,ODbL-1.0 + upstream notices
data/segments/partitions/partition_0020/segments.parquet,2928119,d6d57c8c8efa5496adfadd810ca9a21e5d8f5e8b3b47cedba8ce001fd1bd51f9,SEGMENT_SPLIT_segments_and_splits,ODbL-1.0 + upstream notices
data/segments/partitions/partition_0021/row_segment_assignments.parquet,13016643,b67b2488cebbaea6189582386a00281c595a33caab3aaffd778feb59651468c7,SEGMENT_SPLIT_segments_and_splits,ODbL-1.0 + upstream notices
data/segments/partitions/partition_0021/segments.parquet,2715747,5aecdb0d0faaea80dc1ddecccb78d0fae1cdf187b47aad8731117d9e8abe6b66,SEGMENT_SPLIT_segments_and_splits,ODbL-1.0 + upstream notices
data/segments/partitions/partition_0022/row_segment_assignments.parquet,16309587,66b8707f6c438addf897e6118c1856830a658de58013f57e0af113e0764b3a89,SEGMENT_SPLIT_segments_and_splits,ODbL-1.0 + upstream notices
data/segments/partitions/partition_0022/segments.parquet,3327181,5e842d9c0c301326541fe21b4e9c93052c314dfc61faeb3a84cf57152178dca3,SEGMENT_SPLIT_segments_and_splits,ODbL-1.0 + upstream notices
data/segments/partitions/partition_0023/row_segment_assignments.parquet,15393906,f47d7b48fd9e09a387b80a6180c7460093870b3ac1179779604eaee261077b93,SEGMENT_SPLIT_segments_and_splits,ODbL-1.0 + upstream notices
data/segments/partitions/partition_0023/segments.parquet,3211681,162801c934d0c5e9234d6277646a93abdfed87cd58a9775fb0e5ec33bffbdbb1,SEGMENT_SPLIT_segments_and_splits,ODbL-1.0 + upstream notices
data/segments/partitions/partition_0024/row_segment_assignments.parquet,17165189,0dc51cc1e98c37623378ef337e5b8f77091a2e3bb48276063a1960244b33cc1c,SEGMENT_SPLIT_segments_and_splits,ODbL-1.0 + upstream notices
data/segments/partitions/partition_0024/segments.parquet,3195390,99a28eaca7cb3cb266b75ca4f4969498e797ef16b806d699ec6ac00dbee0c36b,SEGMENT_SPLIT_segments_and_splits,ODbL-1.0 + upstream notices
data/segments/partitions/partition_0025/row_segment_assignments.parquet,15943453,9796b396d9a722f6299f28415b42c7afb01e8276a21723db06b09fe7e456593d,SEGMENT_SPLIT_segments_and_splits,ODbL-1.0 + upstream notices
data/segments/partitions/partition_0025/segments.parquet,3056563,da052d2c2b0c9bc1496b6ad0d7099131f102008ed65e00931c29c201ead0e03e,SEGMENT_SPLIT_segments_and_splits,ODbL-1.0 + upstream notices
data/segments/partitions/partition_0026/row_segment_assignments.parquet,15036439,42699fe6266c87b9da0ae815186da0c2c34cb30cb1001d6282affa32476cbe55,SEGMENT_SPLIT_segments_and_splits,ODbL-1.0 + upstream notices
data/segments/partitions/partition_0026/segments.parquet,2917931,c0e45640f3c17fa209567d9362692055703afdca9f86e7ce7fdc46a6b7693579,SEGMENT_SPLIT_segments_and_splits,ODbL-1.0 + upstream notices
data/segments/partitions/partition_0027/row_segment_assignments.parquet,14887035,be35e83565987afdfcb1ef9cf919c6a3cfd5ea28812b39ef92232c0a73d3bcd6,SEGMENT_SPLIT_segments_and_splits,ODbL-1.0 + upstream notices
data/segments/partitions/partition_0027/segments.parquet,2862515,465efa2ae140fd046214881983c62b628f24ed50d74acd9923452cc34d62662f,SEGMENT_SPLIT_segments_and_splits,ODbL-1.0 + upstream notices
data/segments/partitions/partition_0028/row_segment_assignments.parquet,16435259,5eff8f97da3f3360a3e5c840f14e3f24bf2fefadb60319f239b81b2fbb392ce6,SEGMENT_SPLIT_segments_and_splits,ODbL-1.0 + upstream notices
data/segments/partitions/partition_0028/segments.parquet,3136017,3696c7d919540c356840621413a2bf446b9d6580fb31ddb4d204e92257ee5abe,SEGMENT_SPLIT_segments_and_splits,ODbL-1.0 + upstream notices
data/segments/partitions/partition_0029/row_segment_assignments.parquet,15430700,6e2965f66178ad0e649516ce379e540d4cc983caadcda5a1b5f678ded7b30cc2,SEGMENT_SPLIT_segments_and_splits,ODbL-1.0 + upstream notices
data/segments/partitions/partition_0029/segments.parquet,2873774,c8eff2cd8de968f75166a003842c54dadd5a6ad652644d901b7380d040c0b58a,SEGMENT_SPLIT_segments_and_splits,ODbL-1.0 + upstream notices
data/segments/partitions/partition_0030/row_segment_assignments.parquet,14733780,eec71c10695fd4ae84139f5078705aeee6892fc8292569e8d3efaa07b81f37c3,SEGMENT_SPLIT_segments_and_splits,ODbL-1.0 + upstream notices
data/segments/partitions/partition_0030/segments.parquet,2741343,c79d68e79afef8f3e4edd21c81a432737b940e86ef5cd0904859d1a4664329cf,SEGMENT_SPLIT_segments_and_splits,ODbL-1.0 + upstream notices
data/segments/partitions/partition_0031/row_segment_assignments.parquet,15269247,36462fff8f6c35e257040791395abce1f2b9b65c1c083c0773bac8e3e2c4553c,SEGMENT_SPLIT_segments_and_splits,ODbL-1.0 + upstream notices
data/segments/partitions/partition_0031/segments.parquet,2874208,2cf2f40d9ae20744ed504894a1a1926b32fe409f94c957d431954fda19ca60e8,SEGMENT_SPLIT_segments_and_splits,ODbL-1.0 + upstream notices
data/segments/partitions/partition_0032/row_segment_assignments.parquet,13600549,8539f02b39159c16bb430072a187cd5573aed2a3be87400031dc51dbd167dace,SEGMENT_SPLIT_segments_and_splits,ODbL-1.0 + upstream notices
data/segments/partitions/partition_0032/segments.parquet,2609556,de671f0d2ccbc4de78ac338d8cf91329daf85f2d9c817746448b6b28973afb35,SEGMENT_SPLIT_segments_and_splits,ODbL-1.0 + upstream notices
data/segments/partitions/partition_0033/row_segment_assignments.parquet,15311707,905776adf35b3e83cf2ad4d0ba4dec59d3a2cb1dcd97035908333ff48d90f6bc,SEGMENT_SPLIT_segments_and_splits,ODbL-1.0 + upstream notices
data/segments/partitions/partition_0033/segments.parquet,2970260,fee8778e10142471b81604ac54ed345b402c320fe05d16b21df7a7f1f7617935,SEGMENT_SPLIT_segments_and_splits,ODbL-1.0 + upstream notices
data/segments/partitions/partition_0034/row_segment_assignments.parquet,14528789,d3ff8fee2e0e78f4dd3e982d63d7a7d8055830d7cf72a6cc2dfe37ee370cee0c,SEGMENT_SPLIT_segments_and_splits,ODbL-1.0 + upstream notices
data/segments/partitions/partition_0034/segments.parquet,2825450,848583c8e910cc1409683d2e86292bac8b1f977bbe8e9425fa3de5e45dd6fc01,SEGMENT_SPLIT_segments_and_splits,ODbL-1.0 + upstream notices
data/segments/partitions/partition_0035/row_segment_assignments.parquet,11710636,dbf466e82ea6d25e28a8c333222a383462e973ee46957a6aa23586f9488e7ca0,SEGMENT_SPLIT_segments_and_splits,ODbL-1.0 + upstream notices
data/segments/partitions/partition_0035/segments.parquet,2341813,aa3b600ea1cd5006b796d29fdc764032c0ba9f0e5d97f878d221aff940b8c17e,SEGMENT_SPLIT_segments_and_splits,ODbL-1.0 + upstream notices
data/segments/partitions/partition_0036/row_segment_assignments.parquet,13936293,f3478fad64d3a6aa68f3103cfd8afa640002d60e84c98056f816554dc1886ac4,SEGMENT_SPLIT_segments_and_splits,ODbL-1.0 + upstream notices
data/segments/partitions/partition_0036/segments.parquet,2750501,6bc669790ea9992484c8bcb57519beb155753beffa4d0ca3aef9419abe1c1650,SEGMENT_SPLIT_segments_and_splits,ODbL-1.0 + upstream notices
data/segments/partitions/partition_0037/row_segment_assignments.parquet,14120308,a428e8073d42009282b2066aa565b4c84dab04703195498a8ad0a01379ee9060,SEGMENT_SPLIT_segments_and_splits,ODbL-1.0 + upstream notices
data/segments/partitions/partition_0037/segments.parquet,2738662,c414eb047807ca08a0ee72bd28172ce93228dd3d0e66eb2f9dde922df855f27d,SEGMENT_SPLIT_segments_and_splits,ODbL-1.0 + upstream notices
data/segments/partitions/partition_0038/row_segment_assignments.parquet,11814530,1ce5e8500d54eb1018f9420664e3b2a010106f715c80a3efaa563af96170aaf1,SEGMENT_SPLIT_segments_and_splits,ODbL-1.0 + upstream notices
data/segments/partitions/partition_0038/segments.parquet,2356401,c043e54f35cf540fcb569baab98fa726ab5cc9f764510cae1aa3df4c9f9b1180,SEGMENT_SPLIT_segments_and_splits,ODbL-1.0 + upstream notices
data/segments/partitions/partition_0039/row_segment_assignments.parquet,12695027,6f460a550ecc0704920d9e4816014e6adfff098b5e0604e8ffcf38957a2fc901,SEGMENT_SPLIT_segments_and_splits,ODbL-1.0 + upstream notices
data/segments/partitions/partition_0039/segments.parquet,2527177,6a3bb0080a73869b2c624ce30771851f7ad764f44b4f390ea006bcd876429a89,SEGMENT_SPLIT_segments_and_splits,ODbL-1.0 + upstream notices
data/segments/partitions/partition_0040/row_segment_assignments.parquet,12733334,faa9474668c450f88aec382c421d71547dd32b877909f4e4dbc3e0e1b650a2d8,SEGMENT_SPLIT_segments_and_splits,ODbL-1.0 + upstream notices
data/segments/partitions/partition_0040/segments.parquet,2403170,508962ad1865d69e253365a75c0e7a02d33c4df00a72ebbdeba5774b137b0865,SEGMENT_SPLIT_segments_and_splits,ODbL-1.0 + upstream notices
data/segments/partitions/partition_0041/row_segment_assignments.parquet,10626025,96b2aadc8d9384e8b131a74dc245384ab925c38888a6675da96f2c8937b6690d,SEGMENT_SPLIT_segments_and_splits,ODbL-1.0 + upstream notices
data/segments/partitions/partition_0041/segments.parquet,2089786,b3bbed3c6eba6acacb52cc79f5862379dee8f3aded6f81013f07f6cd1e68915a,SEGMENT_SPLIT_segments_and_splits,ODbL-1.0 + upstream notices
data/segments/partitions/partition_0042/row_segment_assignments.parquet,10669798,8d23fdc70c8724d72f8a87bbef7031900d1df69db60db93e9ed3cdef08e8381a,SEGMENT_SPLIT_segments_and_splits,ODbL-1.0 + upstream notices
data/segments/partitions/partition_0042/segments.parquet,2106322,fc77ceb067a3a6cb23dc872e810e786c667014da7c9821c05783e1fc4174d3dc,SEGMENT_SPLIT_segments_and_splits,ODbL-1.0 + upstream notices
data/segments/partitions/partition_0043/row_segment_assignments.parquet,12077528,8665e237638ae99d51653faddee92dcd638ecd2b23d03ef7034ec3d3a189e6b0,SEGMENT_SPLIT_segments_and_splits,ODbL-1.0 + upstream notices
data/segments/partitions/partition_0043/segments.parquet,2328701,b102accb8d1b70ac58f219cbc53ca8cbfc4b41f2f97a56f9ed6772d39aeecbd9,SEGMENT_SPLIT_segments_and_splits,ODbL-1.0 + upstream notices
data/segments/partitions/partition_0044/row_segment_assignments.parquet,11469463,d058bc8cfd532862f632184cadbc1c50cbe99179198fdeda2d1e42e3cadf8c4e,SEGMENT_SPLIT_segments_and_splits,ODbL-1.0 + upstream notices
data/segments/partitions/partition_0044/segments.parquet,2283028,21a12456b4c3688cee3e888413ff8a5b57a284d245a0fd282da1cc17f1f3f926,SEGMENT_SPLIT_segments_and_splits,ODbL-1.0 + upstream notices
data/segments/partitions/partition_0045/row_segment_assignments.parquet,12449208,6733be2d473b02c2db1f1fb1ea84f0faea320e6a82fe0327b8ea7f58a74a7c89,SEGMENT_SPLIT_segments_and_splits,ODbL-1.0 + upstream notices
data/segments/partitions/partition_0045/segments.parquet,2449380,81a9aca1b15ff18d043729c3f02f21096ba6c331ecf9632f68170fa4ac9b51f7,SEGMENT_SPLIT_segments_and_splits,ODbL-1.0 + upstream notices
data/segments/partitions/partition_0046/row_segment_assignments.parquet,13305817,b8e58b692ea3d26f56c90288cd41d6f4c76ee4d1a18815779e1258c06cebdfeb,SEGMENT_SPLIT_segments_and_splits,ODbL-1.0 + upstream notices
data/segments/partitions/partition_0046/segments.parquet,2588407,dd220a213f7e11f7ccf8d28cce602bd3cbd7e21fd1e395fb4840821c5624f46e,SEGMENT_SPLIT_segments_and_splits,ODbL-1.0 + upstream notices
data/segments/partitions/partition_0047/row_segment_assignments.parquet,13558750,4f5ffdf220ddee909c424991c69ad5d573060c23d23bf82f6b829228052bbfec,SEGMENT_SPLIT_segments_and_splits,ODbL-1.0 + upstream notices
data/segments/partitions/partition_0047/segments.parquet,2644286,0832d24b36c0c72a025e4cb22540d8065eaa702c95ed853a9a274c5a6345b7c9,SEGMENT_SPLIT_segments_and_splits,ODbL-1.0 + upstream notices
data/segments/partitions/partition_0048/row_segment_assignments.parquet,12367100,eaf6768048089c18c18088c3dc03f846ae47d4fa292b0cdd7e78fef95b751d5f,SEGMENT_SPLIT_segments_and_splits,ODbL-1.0 + upstream notices
data/segments/partitions/partition_0048/segments.parquet,2463463,290cb09c6bc2cba3782e432fbd948abb5737c55e95dc65c02850284d8aea91a7,SEGMENT_SPLIT_segments_and_splits,ODbL-1.0 + upstream notices
data/segments/partitions/partition_0049/row_segment_assignments.parquet,11273020,cf965ffe916911b9731639fc2395314a9a0dfd5213dd314bc8f9313603e55c3f,SEGMENT_SPLIT_segments_and_splits,ODbL-1.0 + upstream notices
data/segments/partitions/partition_0049/segments.parquet,2214294,512ff3e607211223fca39bf1e561478373e02d11248d507c562683935883a4bd,SEGMENT_SPLIT_segments_and_splits,ODbL-1.0 + upstream notices
data/segments/partitions/partition_0050/row_segment_assignments.parquet,13667769,4971d7050bf9ca36a17f60cb04aaad00b1d06294af7e79dade510437ba1b72ed,SEGMENT_SPLIT_segments_and_splits,ODbL-1.0 + upstream notices
data/segments/partitions/partition_0050/segments.parquet,2617237,7ef7aa245cdd0a03b695c937ecb0640262d4d7dbb8402dbf99b4c45debf0dae3,SEGMENT_SPLIT_segments_and_splits,ODbL-1.0 + upstream notices
data/segments/partitions/partition_0051/row_segment_assignments.parquet,15642503,1a26090d8738f743ef29a9550b786478341e62aaf6a80600f5d3ce1e678fbbac,SEGMENT_SPLIT_segments_and_splits,ODbL-1.0 + upstream notices
data/segments/partitions/partition_0051/segments.parquet,2975166,8e6272916182739dd97dc78a3d98e8ad084519d3698d7ecf7133b5926a92bd1a,SEGMENT_SPLIT_segments_and_splits,ODbL-1.0 + upstream notices
data/segments/partitions/partition_0052/row_segment_assignments.parquet,13155417,cc7c3e8d386f9768b4b3229b33efb8f4fc3a4b30d960b5e68941ada15b196583,SEGMENT_SPLIT_segments_and_splits,ODbL-1.0 + upstream notices
data/segments/partitions/partition_0052/segments.parquet,2564624,c3543dc57411171e396abf6e09a9a6d4b61be386de7195d9bc5a3ea284f33a60,SEGMENT_SPLIT_segments_and_splits,ODbL-1.0 + upstream notices
data/segments/partitions/partition_0053/row_segment_assignments.parquet,4271284,81ddfa7aa00c26877c9a4f80bbc0f8ba261f8ce8f11cf745f7e51e11be94edea,SEGMENT_SPLIT_segments_and_splits,ODbL-1.0 + upstream notices
data/segments/partitions/partition_0053/segments.parquet,931885,4385b34b3f7715e6095d7bced35481cacf08a7e2b8655c342ede634e9f66207b,SEGMENT_SPLIT_segments_and_splits,ODbL-1.0 + upstream notices
data/segments/run_config.yaml,1742,731660a1e7ac76edfb4773622977f70d21e6e27bf969075e4c7626a72c0010a9,SEGMENT_SPLIT_segments_and_splits,ODbL-1.0 + upstream notices
data/segments/segment_manifest.json,52045,c93c5d7424a43eb5c7bc91c3c4c5b420748df2462cbf3577d501c376a5edbc7d,SEGMENT_SPLIT_segments_and_splits,ODbL-1.0 + upstream notices
data/segments/segment_summary.json,2106,49958396f0d434fe80cf0b7171f1fb3c7481fe89609869d455931d1f5b2904e0,SEGMENT_SPLIT_segments_and_splits,ODbL-1.0 + upstream notices
data/segments/segments_all.parquet,129766827,ede4ca2ac614c0f6c85a777e84150926ba7f4353798f95fa985b4be6c19cb498,SEGMENT_SPLIT_segments_and_splits,ODbL-1.0 + upstream notices
data/segments/segments_prediction_usable.parquet,98716003,a8192f7a021c4d3fbb22777a67fc12399158cb500ca062452206256cc5bd9f1e,SEGMENT_SPLIT_segments_and_splits,ODbL-1.0 + upstream notices
data/segments/segments_qa_valid.parquet,112477688,5c176fdf89cd33a6ee933262b30203aa867058e2a23e40c5d10fd91181103c64,SEGMENT_SPLIT_segments_and_splits,ODbL-1.0 + upstream notices
data/splits/SEGMENT_SPLIT_SPLIT_GATE.md,1195,669a287cb94d0cd3c3e54768f74c357a2316e93327440d8cba18d54891b7a96b,SEGMENT_SPLIT_segments_and_splits,ODbL-1.0 + upstream notices
data/splits/all_leakage_checks.csv,10906,1d4322cd161e1696de803d991967f906de74d0b7431c1e2fe58c1d59998d4eec,SEGMENT_SPLIT_segments_and_splits,ODbL-1.0 + upstream notices
data/splits/all_split_stats.csv,4570,c7aacd5753fd59e16a8b8f0802ca916bb03ec2073490cfcfeb8f114cf299db66,SEGMENT_SPLIT_segments_and_splits,ODbL-1.0 + upstream notices
data/splits/cold_functional_road_class/SPLIT_CARD.md,1097,c1f85009f7583cc3cea909c0fd72e3658414641d08c3dd99bb65d35b0cce63a5,SEGMENT_SPLIT_segments_and_splits,ODbL-1.0 + upstream notices
data/splits/cold_functional_road_class/assignments.parquet,9477266,738365f0ac32d0312e0dab4eed08b70a1dfe6073618abbc7c5d169bf5b4a23d3,SEGMENT_SPLIT_segments_and_splits,ODbL-1.0 + upstream notices
data/splits/cold_functional_road_class/calibration_ids.parquet,490533,be541709d1762a919f6e7c1dfeae9015d9b846aa1853b5caec286815f2e2eac5,SEGMENT_SPLIT_segments_and_splits,ODbL-1.0 + upstream notices
data/splits/cold_functional_road_class/model_membership.parquet,5047054,ff6a2a8db935aa58da2e2b0df9e77bc85857b368d1368fbc5220d455182657ec,SEGMENT_SPLIT_segments_and_splits,ODbL-1.0 + upstream notices
data/splits/cold_functional_road_class/split_stats.csv,561,88e21b078c9c3a8e8c952d3055929a9d229cb95208d1dbc44655f8d8c665e0f8,SEGMENT_SPLIT_segments_and_splits,ODbL-1.0 + upstream notices
data/splits/cold_functional_road_class/test_ids.parquet,396594,7cb4436c5cacf58af1219872513ee93b889f812b7472e6d75a50b775633cd681,SEGMENT_SPLIT_segments_and_splits,ODbL-1.0 + upstream notices
data/splits/cold_functional_road_class/train_ids.parquet,3736849,bcedc66555474ac07ad3e3532256f5b6a096304cc58a73a3c6881b7023d1ee92,SEGMENT_SPLIT_segments_and_splits,ODbL-1.0 + upstream notices
data/splits/cold_functional_road_class/validation_ids.parquet,497802,b3479c6b915e50fb48902c5bb243badf54f937d95f44b6f1978a3c4f5f060397,SEGMENT_SPLIT_segments_and_splits,ODbL-1.0 + upstream notices
data/splits/cold_month/SPLIT_CARD.md,1133,8a938409a77d794cd0dd7e85552d7b9f4a9314d9a4b02d38b31bf99d1f8a1008,SEGMENT_SPLIT_segments_and_splits,ODbL-1.0 + upstream notices
data/splits/cold_month/assignments.parquet,9421393,a2b5277495e74b9f603a59b63db7e40e095ded51afed7f873c0292cb6001ae3b,SEGMENT_SPLIT_segments_and_splits,ODbL-1.0 + upstream notices
data/splits/cold_month/calibration_ids.parquet,380260,951ec7121d4685c690cead368d43e8812349504d3cf88915b24f167a9904610e,SEGMENT_SPLIT_segments_and_splits,ODbL-1.0 + upstream notices
data/splits/cold_month/model_membership.parquet,5429010,51b8aa40e62b684d227423885c872d724e50211036f9634417d2f1efc68b1488,SEGMENT_SPLIT_segments_and_splits,ODbL-1.0 + upstream notices
data/splits/cold_month/split_stats.csv,473,91d40f02c8beea9ca9625a2fd7d58e91f4beda0e1bf1ae5196570fddf7fab130,SEGMENT_SPLIT_segments_and_splits,ODbL-1.0 + upstream notices
data/splits/cold_month/test_ids.parquet,409831,564196c15095eeaf60f37515f7346a1b674fb4067847956fecdd5e5471d4fbd2,SEGMENT_SPLIT_segments_and_splits,ODbL-1.0 + upstream notices
data/splits/cold_month/train_ids.parquet,4339505,df61e428fbf79314b5e550e0324069a0c0c81ec7e2cb7e4e8e49806b1a5a9c44,SEGMENT_SPLIT_segments_and_splits,ODbL-1.0 + upstream notices
data/splits/cold_month/validation_ids.parquet,378799,bdc0f1a7823fbfb1e6dd292d08b1cdbff75ebc1f648d6fa0caa7ec5f662a173b,SEGMENT_SPLIT_segments_and_splits,ODbL-1.0 + upstream notices
data/splits/cold_spatial/SPLIT_CARD.md,1318,989b6640c6be20125ed44b2d4ca259ae5dc318a4ebb3e2bfd8aa62b6075edd8a,SEGMENT_SPLIT_segments_and_splits,ODbL-1.0 + upstream notices
data/splits/cold_spatial/assignments.parquet,9498816,e77c95aeb3e687e221aeb6d5bcef88cd4501d78bf19e42cf7d1fbe8f26e85e29,SEGMENT_SPLIT_segments_and_splits,ODbL-1.0 + upstream notices
data/splits/cold_spatial/calibration_ids.parquet,263826,b685869c393b7f44d4f2a3efb840dd3b3936f0eca879bce91825a0c0234d0cfd,SEGMENT_SPLIT_segments_and_splits,ODbL-1.0 + upstream notices
data/splits/cold_spatial/model_membership.parquet,3147096,44917b94732051312f08dc2c8b605cd53971c8d5d68591dae42d464854344f9e,SEGMENT_SPLIT_segments_and_splits,ODbL-1.0 + upstream notices
data/splits/cold_spatial/split_stats.csv,618,d7f244e00ba6c686f83f1d857becbd61adba44fd0efe42005bd5a73f8c6f96b1,SEGMENT_SPLIT_segments_and_splits,ODbL-1.0 + upstream notices
data/splits/cold_spatial/test_ids.parquet,582736,44f617a4c25535da14fda61a25b6982ccf87dfc5248986edb1c20b89883f3f72,SEGMENT_SPLIT_segments_and_splits,ODbL-1.0 + upstream notices
data/splits/cold_spatial/train_ids.parquet,2080709,54a1b1aa2e41b1ce3d71023d9403f4b19360e2724832fb08083ab94758b5beee,SEGMENT_SPLIT_segments_and_splits,ODbL-1.0 + upstream notices
data/splits/cold_spatial/validation_ids.parquet,278919,04b5763b66a8e51ed152f09f4462a8a550bb6222a3072424881bb49cec7af2cd,SEGMENT_SPLIT_segments_and_splits,ODbL-1.0 + upstream notices
data/splits/cold_trip/SPLIT_CARD.md,1001,d079b74b7eb221ea476ff781d6161477dcb1aacabff129bde318388860563509,SEGMENT_SPLIT_segments_and_splits,ODbL-1.0 + upstream notices
data/splits/cold_trip/assignments.parquet,9450727,a56b27dabcd6fee4d143ae0454c759fada26dd70df9214379431612da3ef6b7c,SEGMENT_SPLIT_segments_and_splits,ODbL-1.0 + upstream notices
data/splits/cold_trip/calibration_ids.parquet,559267,464f17c1a0170e83e892d9691608746dc69d0136b2b16c75e2a57fdb8f7f32a3,SEGMENT_SPLIT_segments_and_splits,ODbL-1.0 + upstream notices
data/splits/cold_trip/model_membership.parquet,5552123,0643bcddedb17752d5b68a728cdf6a4872769cd1f4fcd635579db5b4afc65450,SEGMENT_SPLIT_segments_and_splits,ODbL-1.0 + upstream notices
data/splits/cold_trip/split_stats.csv,444,b2d0527a0f66fbca0a6aa169088c5d416485907f1086c5c7117bd87641b7ece1,SEGMENT_SPLIT_segments_and_splits,ODbL-1.0 + upstream notices
data/splits/cold_trip/test_ids.parquet,899180,f1d935499ffde45e82829d3578fb16335e0e5b0f0621c5cde362fc146433009d,SEGMENT_SPLIT_segments_and_splits,ODbL-1.0 + upstream notices
data/splits/cold_trip/train_ids.parquet,3629622,235d42d0c37b8a71bccbed26f34be0d5ba7dfb33a6a0ca2b4805222805628650,SEGMENT_SPLIT_segments_and_splits,ODbL-1.0 + upstream notices
data/splits/cold_trip/validation_ids.parquet,585845,7afe56c10664cb014038772cb586218e9fe5ac8b5f8229bdb1127dddd526add9,SEGMENT_SPLIT_segments_and_splits,ODbL-1.0 + upstream notices
data/splits/cold_vehicle/SPLIT_CARD.md,893,215045f99a1d45e906e62559bfe0a6462b353c160e0c98f501696394320493a8,SEGMENT_SPLIT_segments_and_splits,ODbL-1.0 + upstream notices
data/splits/cold_vehicle/assignments.parquet,9448079,f0ca9d9bf326fca99b06ccd87b945abc9537fa28c0a96899e122106f4ae89c13,SEGMENT_SPLIT_segments_and_splits,ODbL-1.0 + upstream notices
data/splits/cold_vehicle/calibration_ids.parquet,587888,16347b894ad64cb2b21f899beba9d950fa032965e92fe207326775165281c108,SEGMENT_SPLIT_segments_and_splits,ODbL-1.0 + upstream notices
data/splits/cold_vehicle/model_membership.parquet,5558688,720d6d3d1a35f2873c958483c2ec54fe389c87bfa573cf8bbb68137feaf2edcd,SEGMENT_SPLIT_segments_and_splits,ODbL-1.0 + upstream notices
data/splits/cold_vehicle/split_stats.csv,389,382a2afb0fc984549390ce2003810e74a4f620ee7bc06b01fd58e66ea1dc014e,SEGMENT_SPLIT_segments_and_splits,ODbL-1.0 + upstream notices
data/splits/cold_vehicle/test_ids.parquet,885149,14e6b43bd63f20d66ae6e565a906f55d126bfba5d7a2522a6308579e2ad81769,SEGMENT_SPLIT_segments_and_splits,ODbL-1.0 + upstream notices
data/splits/cold_vehicle/train_ids.parquet,3621154,ef0dc8bbd0bef649dbadd29ca438fa4fb57fba1ead6daa1ea087370cd0ea4546,SEGMENT_SPLIT_segments_and_splits,ODbL-1.0 + upstream notices
data/splits/cold_vehicle/validation_ids.parquet,587632,b1d8a15466ad59889ecbc723531b58424c788d70e20f32e323e8a5f968692d04,SEGMENT_SPLIT_segments_and_splits,ODbL-1.0 + upstream notices
data/splits/model_membership_contract.json,1134,8374021836b5cc01e526d4f0bf85c58caac375e5218d9ec496a8516e49f8bca4,SEGMENT_SPLIT_segments_and_splits,ODbL-1.0 + upstream notices
data/splits/random_trip_blocked/SPLIT_CARD.md,899,738249e54765268cc2f8925fadb68d5c7df948af4fc368ab919cb52a33ec13a3,SEGMENT_SPLIT_segments_and_splits,ODbL-1.0 + upstream notices
data/splits/random_trip_blocked/assignments.parquet,9447903,1b461a454e3984b6e5866a28bf3f50d95f0fcc5d18c333e728718b7a6b963c77,SEGMENT_SPLIT_segments_and_splits,ODbL-1.0 + upstream notices
data/splits/random_trip_blocked/calibration_ids.parquet,580753,da9fba90ee29904e8a9478e4fa9b8f6faa9566bd8ded7c816c0275429380c739,SEGMENT_SPLIT_segments_and_splits,ODbL-1.0 + upstream notices
data/splits/random_trip_blocked/model_membership.parquet,5558477,1349c501e0fff13995a44b509bd4825e77abcb35520e7435436ce0bebe6e3dc4,SEGMENT_SPLIT_segments_and_splits,ODbL-1.0 + upstream notices
data/splits/random_trip_blocked/split_stats.csv,395,3aeee9ca79cf4e9c32851e3409c2ef58d9247fc3eb6f32c39002b32fc1df8f9f,SEGMENT_SPLIT_segments_and_splits,ODbL-1.0 + upstream notices
data/splits/random_trip_blocked/test_ids.parquet,885144,0dbe346050523eddcad2027318e8f4b589f5cb8ea49ae95ff890a57719adbbfd,SEGMENT_SPLIT_segments_and_splits,ODbL-1.0 + upstream notices
data/splits/random_trip_blocked/train_ids.parquet,3617576,9fb310ee414cace188875f3d3ba2469ab7a66179290af0c87aca7f0894e6f465,SEGMENT_SPLIT_segments_and_splits,ODbL-1.0 + upstream notices
data/splits/random_trip_blocked/validation_ids.parquet,599268,5116bf858a7fe8ef36d34c0bb037e2ef1a2ac449cf6d89b7adcee4cfceae19d1,SEGMENT_SPLIT_segments_and_splits,ODbL-1.0 + upstream notices
data/splits/run_config.yaml,1678,b93e57922c5dfb37aa7d81de31f8916b36d5d2f75afeaa8ced08f1b6ec53b277,SEGMENT_SPLIT_segments_and_splits,ODbL-1.0 + upstream notices
data/splits/split_build_summary.json,21114,ddbe425b314cfc83d90751bbb35580c8a89c0334cd347e892347a3b66c1065f1,SEGMENT_SPLIT_segments_and_splits,ODbL-1.0 + upstream notices
data/splits/split_gate_summary.json,4523,77350f12e44807955f1504f550350ea4ec9d5303c3b33c7cab3345a4f3ef4305,SEGMENT_SPLIT_segments_and_splits,ODbL-1.0 + upstream notices
data/splits/split_manifest.json,21170,13f33706f4eec9b627f7513d8f34000abcb749e0ccba6adcde991095b9137410,SEGMENT_SPLIT_segments_and_splits,ODbL-1.0 + upstream notices
models/theory_validation/cold_functional_road_class__HEV_fuel_L/H_R0/seed_0.joblib,334498,c92e88a07b453c978ecc29fd9c23a9a8a013143aa5bb041ff553a4a21a5e4abe,THEORY_VALIDATION_theory_validation,MIT
models/theory_validation/cold_functional_road_class__HEV_fuel_L/H_R0/seed_0.json,2528,e51792cfe550f1a54d731097e9eae939bd83ecfbaadca30099f97c83881abd31,THEORY_VALIDATION_theory_validation,MIT
models/theory_validation/cold_functional_road_class__HEV_fuel_L/H_R0/seed_1.joblib,334499,df4ca4bc4e6697dc337a09c298d9463c607297a47189a0f76ea2a7cdab4d8a19,THEORY_VALIDATION_theory_validation,MIT
models/theory_validation/cold_functional_road_class__HEV_fuel_L/H_R0/seed_1.json,2528,f3521f4aacda00a88faefe07db21dafd3f334c3d69185a7d33fd389a9900a748,THEORY_VALIDATION_theory_validation,MIT
models/theory_validation/cold_functional_road_class__HEV_fuel_L/H_R0/seed_2.joblib,334500,b92a033ea9ddd8ba28202391c73a7c022dd57dc29df99c721ad10cafa68ef361,THEORY_VALIDATION_theory_validation,MIT
models/theory_validation/cold_functional_road_class__HEV_fuel_L/H_R0/seed_2.json,2528,afaf6dc1d33e64c66388f90b934f4a5e6f8bee054e763b2e90c0096c82d71972,THEORY_VALIDATION_theory_validation,MIT
models/theory_validation/cold_functional_road_class__HEV_fuel_L/H_R_noise/seed_0.joblib,569667,beed11fe976abc9081d5c31266bb4a94430c68e078c68a5b7cd7203d567dd290,THEORY_VALIDATION_theory_validation,MIT
models/theory_validation/cold_functional_road_class__HEV_fuel_L/H_R_noise/seed_0.json,14212,f51a04bc5664ca85171a22c6805498b2c16563585781399436d477398624cecf,THEORY_VALIDATION_theory_validation,MIT
models/theory_validation/cold_functional_road_class__HEV_fuel_L/H_R_noise/seed_1.joblib,569668,a884aa004508a1f25f1579a9344730acc65677d061f44776a4fc1213b909aa2c,THEORY_VALIDATION_theory_validation,MIT
models/theory_validation/cold_functional_road_class__HEV_fuel_L/H_R_noise/seed_1.json,14212,1750ea0a03c112086c0b9657d35e43b16c756f4b6fd34f32850cfbb5e8903d5f,THEORY_VALIDATION_theory_validation,MIT
models/theory_validation/cold_functional_road_class__HEV_fuel_L/H_R_noise/seed_2.joblib,569669,2ba19e7abea07d40b14bea554502fd5bd70937ea6a355ebeb86c97e1a8b791e6,THEORY_VALIDATION_theory_validation,MIT
models/theory_validation/cold_functional_road_class__HEV_fuel_L/H_R_noise/seed_2.json,14211,9ce608947b0d66801e95b65a02a8b509b48649c8b3bd42ffa152e9d0cb964695,THEORY_VALIDATION_theory_validation,MIT
models/theory_validation/cold_functional_road_class__HEV_fuel_L/H_R_perm/seed_0.joblib,411931,5b8816a70919bda337603c83464583e6c72acb917067523b140613231dc97e39,THEORY_VALIDATION_theory_validation,MIT
models/theory_validation/cold_functional_road_class__HEV_fuel_L/H_R_perm/seed_0.json,14211,53f98b9cdd21b7a44acaa381987b02cbf2298886455b34e5e4b49b7bddfba4e8,THEORY_VALIDATION_theory_validation,MIT
models/theory_validation/cold_functional_road_class__HEV_fuel_L/H_R_perm/seed_1.joblib,411920,6ced81f86ddc36bb14c6c08f28dcb5740d7b30f4b6a11bacac6fb6d74d2c35fb,THEORY_VALIDATION_theory_validation,MIT
models/theory_validation/cold_functional_road_class__HEV_fuel_L/H_R_perm/seed_1.json,14211,1bf30fcc7b7c8685c011485da45ab8f0d83912cb8e7ebc4fadeb2fcd6b75a1d5,THEORY_VALIDATION_theory_validation,MIT
models/theory_validation/cold_functional_road_class__HEV_fuel_L/H_R_perm/seed_2.joblib,411926,c55f0c02314209f2ec743d09967d20281bcbe2cecaf97bfc1a0b5017f38bf450,THEORY_VALIDATION_theory_validation,MIT
models/theory_validation/cold_functional_road_class__HEV_fuel_L/H_R_perm/seed_2.json,14211,8bacf2b5307b9c32e0a3e6bc9c453eccf34bb783aaa9a569597b3bd75b4ee8de,THEORY_VALIDATION_theory_validation,MIT
models/theory_validation/cold_functional_road_class__HEV_fuel_L/H_R_real/seed_0.joblib,419511,be5e10b841ac6b73b90fb7659c8156446a7a90dec299c7b5268becbfadbdc60f,THEORY_VALIDATION_theory_validation,MIT
models/theory_validation/cold_functional_road_class__HEV_fuel_L/H_R_real/seed_0.json,14210,fe3408ac47748e419d2b1aac85952d8f26096378cf7ad2ec9c4a0ce62856e0b9,THEORY_VALIDATION_theory_validation,MIT
models/theory_validation/cold_functional_road_class__HEV_fuel_L/H_R_real/seed_1.joblib,419501,6bde752c92fa6c757b7c580e1fdcee8e101c6d468f7e63bf46240b0476851bd2,THEORY_VALIDATION_theory_validation,MIT
models/theory_validation/cold_functional_road_class__HEV_fuel_L/H_R_real/seed_1.json,14211,fcdd676e9422414f4a418eff042074b0872d271b34711ce607a0d4a9f748bb18,THEORY_VALIDATION_theory_validation,MIT
models/theory_validation/cold_functional_road_class__HEV_fuel_L/H_R_real/seed_2.joblib,419507,edaa4e05c899340805f63c8ddcc2e440e0678bdc5095532d7bf0ada479ab24ed,THEORY_VALIDATION_theory_validation,MIT
models/theory_validation/cold_functional_road_class__HEV_fuel_L/H_R_real/seed_2.json,14211,a20135af6b0e5d8bdd75bc26500e55366d3a56d6af1c12fec726bbcf770beac1,THEORY_VALIDATION_theory_validation,MIT
models/theory_validation/cold_functional_road_class__HEV_fuel_L/L_R0/seed_0.joblib,313422,1051c268457ac6a2ccec12a1b9c6ba86259feda16131301d1ef718a7be9d5e2a,THEORY_VALIDATION_theory_validation,MIT
models/theory_validation/cold_functional_road_class__HEV_fuel_L/L_R0/seed_0.json,1583,99c0aab0425c741515786b92955c874cb39cf353cd45b82835ce2f7ef27bb462,THEORY_VALIDATION_theory_validation,MIT
models/theory_validation/cold_functional_road_class__HEV_fuel_L/L_R0/seed_1.joblib,313423,1d677c6c6b46b64468c778ea6f33da0ccb8276cc35eac7dd02c8ee09531a7ad8,THEORY_VALIDATION_theory_validation,MIT
models/theory_validation/cold_functional_road_class__HEV_fuel_L/L_R0/seed_1.json,1583,95f81a4e979f462db7104108ea269b2e7fbfb0c1f10a354a81825f5bf47e3d23,THEORY_VALIDATION_theory_validation,MIT
models/theory_validation/cold_functional_road_class__HEV_fuel_L/L_R0/seed_2.joblib,313422,d8b05d8b20ac4db9e3b857acfc4e1e3ce603b2adb29c9af91df450d588c0b0a0,THEORY_VALIDATION_theory_validation,MIT
models/theory_validation/cold_functional_road_class__HEV_fuel_L/L_R0/seed_2.json,1583,fe3edc7db48fffcb671d7fbb06bd8ed606fee9b469db25a60b88bd8b7ef0771b,THEORY_VALIDATION_theory_validation,MIT
models/theory_validation/cold_functional_road_class__HEV_fuel_L/L_R_noise/seed_0.joblib,563673,0ec22a636646b863ef4b39587b5f4cd4276a7eeba61acf028c1ea881fe23734a,THEORY_VALIDATION_theory_validation,MIT
models/theory_validation/cold_functional_road_class__HEV_fuel_L/L_R_noise/seed_0.json,13268,37107fce0406338363240b392be28af0e91401ec5efef29ff8e278b34e5b6de1,THEORY_VALIDATION_theory_validation,MIT
models/theory_validation/cold_functional_road_class__HEV_fuel_L/L_R_noise/seed_1.joblib,563676,ae6191c6ec3db3681fafce56931247176dc63317d0cbd1ec406fb7c2cfd6a520,THEORY_VALIDATION_theory_validation,MIT
models/theory_validation/cold_functional_road_class__HEV_fuel_L/L_R_noise/seed_1.json,13268,7a6efff04e0f767eff27acee82c0f047fdc0e7b55d89cf6f98452167e3fb40f6,THEORY_VALIDATION_theory_validation,MIT
models/theory_validation/cold_functional_road_class__HEV_fuel_L/L_R_noise/seed_2.joblib,563678,94991ade9c69bcb8acb494daa53733c57deb497342ca1f87d0aa228f458e6987,THEORY_VALIDATION_theory_validation,MIT
models/theory_validation/cold_functional_road_class__HEV_fuel_L/L_R_noise/seed_2.json,13268,534f49db4784bb2080d19e5d1e14d1122aa914c4eabfd3b43ed4dda1abf02a6c,THEORY_VALIDATION_theory_validation,MIT
models/theory_validation/cold_functional_road_class__HEV_fuel_L/L_R_perm/seed_0.joblib,400312,c0b7e71e066cec67e1a6ee4e721a6418d5191a8000fc4abcf6e6d6f4dab3db69,THEORY_VALIDATION_theory_validation,MIT
models/theory_validation/cold_functional_road_class__HEV_fuel_L/L_R_perm/seed_0.json,13267,7a6207615289cb0c53a7d01b934d6ffd585127e6914b411d96d9d6f8bcc1f145,THEORY_VALIDATION_theory_validation,MIT
models/theory_validation/cold_functional_road_class__HEV_fuel_L/L_R_perm/seed_1.joblib,400314,2fff90223fbea1cb7d916149e75e1b068e7d6bcb6005063a40962b696b95872b,THEORY_VALIDATION_theory_validation,MIT
models/theory_validation/cold_functional_road_class__HEV_fuel_L/L_R_perm/seed_1.json,13267,d70555ad263915236e1e91673040614313efe5bcecb59c50351dc30f95aea3d8,THEORY_VALIDATION_theory_validation,MIT
models/theory_validation/cold_functional_road_class__HEV_fuel_L/L_R_perm/seed_2.joblib,400314,f39894ff68eb8b609b65ec4e402f7022dc7dc2929d26c37f9ed772f8a74e50b6,THEORY_VALIDATION_theory_validation,MIT
models/theory_validation/cold_functional_road_class__HEV_fuel_L/L_R_perm/seed_2.json,13267,fbb8d1103a2561658659514d082f09fb3a818604ed67ce1e37f71fe6ea77dc9b,THEORY_VALIDATION_theory_validation,MIT
models/theory_validation/cold_functional_road_class__HEV_fuel_L/L_R_real/seed_0.joblib,414226,1eefd755354951c5b5ee00ace44e67a2ed1039cd20878adb47e5cce8ab21e489,THEORY_VALIDATION_theory_validation,MIT
models/theory_validation/cold_functional_road_class__HEV_fuel_L/L_R_real/seed_0.json,13266,65dd07c6a29cd35efc22b3695a72a399da35bac1340233f42cf2e6b68b752512,THEORY_VALIDATION_theory_validation,MIT
models/theory_validation/cold_functional_road_class__HEV_fuel_L/L_R_real/seed_1.joblib,414228,a4b1fd508208356048106bb572516c6d0fd038b1f2e2c19f353d2e46be4584b0,THEORY_VALIDATION_theory_validation,MIT
models/theory_validation/cold_functional_road_class__HEV_fuel_L/L_R_real/seed_1.json,13267,5586bffe817bd4729c9d5f6f7d2332d8fa69a5c4416bbcf0092bef6b664d23d2,THEORY_VALIDATION_theory_validation,MIT
models/theory_validation/cold_functional_road_class__HEV_fuel_L/L_R_real/seed_2.joblib,414234,7688f385a5f76decf46253fbc09b6f91bb872a5069e249a2f1c678b61c1ab7a9,THEORY_VALIDATION_theory_validation,MIT
models/theory_validation/cold_functional_road_class__HEV_fuel_L/L_R_real/seed_2.json,13267,339f589b0d51a8e1ede8d0e9185ce73740944ad796499ae61359ea66629de7ad,THEORY_VALIDATION_theory_validation,MIT
models/theory_validation/cold_functional_road_class__ICE_fuel_L/H_R0/seed_0.joblib,340008,dd4885740e3d65be8ea434670bb3f660d916806e41687374ef804a2ffc7a0f7a,THEORY_VALIDATION_theory_validation,MIT
models/theory_validation/cold_functional_road_class__ICE_fuel_L/H_R0/seed_0.json,2326,beb4f2a3d5aa53c5eea32e30b1ceea65600ac1544ee75bb5eb226d1c07eba800,THEORY_VALIDATION_theory_validation,MIT
models/theory_validation/cold_functional_road_class__ICE_fuel_L/H_R0/seed_1.joblib,340018,a1b8638533af45c8d9569684045d06674c6d5aa072df90acdadd01f370a2b47a,THEORY_VALIDATION_theory_validation,MIT
models/theory_validation/cold_functional_road_class__ICE_fuel_L/H_R0/seed_1.json,2326,29a90d125623cebb1c62d24e3b31fe3c43744d903ad4300aad6341a63b8757a1,THEORY_VALIDATION_theory_validation,MIT
models/theory_validation/cold_functional_road_class__ICE_fuel_L/H_R0/seed_2.joblib,340015,ea84c72a4900a3d0234c065c008cc9db833cb25e34050b772a4146042fa7e7b5,THEORY_VALIDATION_theory_validation,MIT
models/theory_validation/cold_functional_road_class__ICE_fuel_L/H_R0/seed_2.json,2326,fdabe6f0aabacf3b7fe1c75d6789c45e9bcb5b11831a61c8c17bc9a822130eae,THEORY_VALIDATION_theory_validation,MIT
models/theory_validation/cold_functional_road_class__ICE_fuel_L/H_R_noise/seed_0.joblib,579058,2aa0b8e194acc706e44f88abcc8951375179026139cbd9d5c7675a32552d8d92,THEORY_VALIDATION_theory_validation,MIT
models/theory_validation/cold_functional_road_class__ICE_fuel_L/H_R_noise/seed_0.json,14177,3db496496866ff2fc5b925ae1051af9f2d64a339baa3e02c6e40781be858931d,THEORY_VALIDATION_theory_validation,MIT
models/theory_validation/cold_functional_road_class__ICE_fuel_L/H_R_noise/seed_1.joblib,579068,c85fdd7009eda5db18bf5ab28ad0ed68ea836d03f4df6d988cc97ec83522b088,THEORY_VALIDATION_theory_validation,MIT
models/theory_validation/cold_functional_road_class__ICE_fuel_L/H_R_noise/seed_1.json,14178,7402fe3cfeb609bfaae05db9ecf2d9b304583225ef13b7d1186d904aae694608,THEORY_VALIDATION_theory_validation,MIT
models/theory_validation/cold_functional_road_class__ICE_fuel_L/H_R_noise/seed_2.joblib,579066,18896a026e83b2365f65a2f6af4297969ecf44b2475878c4d099c3755351c557,THEORY_VALIDATION_theory_validation,MIT
models/theory_validation/cold_functional_road_class__ICE_fuel_L/H_R_noise/seed_2.json,14178,7be7c9cf723bc268c2f43bed565475873f4897802d32d310085b3a50b8c25520,THEORY_VALIDATION_theory_validation,MIT
models/theory_validation/cold_functional_road_class__ICE_fuel_L/H_R_perm/seed_0.joblib,418191,2cca7c3327dc3cc37260e2a50ffc58daa920818766f4bdaeb3858cb4823ea0b2,THEORY_VALIDATION_theory_validation,MIT
models/theory_validation/cold_functional_road_class__ICE_fuel_L/H_R_perm/seed_0.json,14177,c87754b4083fba998e857934f6b44409938f92e0ac845a4f3258d791645d9298,THEORY_VALIDATION_theory_validation,MIT
models/theory_validation/cold_functional_road_class__ICE_fuel_L/H_R_perm/seed_1.joblib,418197,a6674e8843a483b77988e6bcde1f389c34245422d79dc921ff0da074910c0429,THEORY_VALIDATION_theory_validation,MIT
models/theory_validation/cold_functional_road_class__ICE_fuel_L/H_R_perm/seed_1.json,14175,abf75d7784a93252c1f35ac69d2f3c09f64fb3787bf97466492e98127b876ebd,THEORY_VALIDATION_theory_validation,MIT
models/theory_validation/cold_functional_road_class__ICE_fuel_L/H_R_perm/seed_2.joblib,418201,a4f06e10d4f86609723a2d34c39b3ef397e396927b1a54e68f2ad6573dd621e9,THEORY_VALIDATION_theory_validation,MIT
models/theory_validation/cold_functional_road_class__ICE_fuel_L/H_R_perm/seed_2.json,14177,69046351969f4541c775201f3d2e4e0bb7d9cb458bfc5a1f5887e6ac9c8f4895,THEORY_VALIDATION_theory_validation,MIT
models/theory_validation/cold_functional_road_class__ICE_fuel_L/H_R_real/seed_0.joblib,426740,ce5c5d2c8bfdb59466c4cc2744b1ab9d81b0762a73ab678d1471b587de35e86e,THEORY_VALIDATION_theory_validation,MIT
models/theory_validation/cold_functional_road_class__ICE_fuel_L/H_R_real/seed_0.json,14176,5f238a7f4f776bd97136eb660dc4d4139063cf975c5014e76a67b95e94d273c1,THEORY_VALIDATION_theory_validation,MIT
models/theory_validation/cold_functional_road_class__ICE_fuel_L/H_R_real/seed_1.joblib,426747,61b7e0c41e55037f5f5e5bf5be3b40b951c5e838d1f57ded784791ae7b20b5b1,THEORY_VALIDATION_theory_validation,MIT
models/theory_validation/cold_functional_road_class__ICE_fuel_L/H_R_real/seed_1.json,14177,28b1af7a1f40cc6ff78048e79dba25806c4a76152be259f40a428e035625e6f3,THEORY_VALIDATION_theory_validation,MIT
models/theory_validation/cold_functional_road_class__ICE_fuel_L/H_R_real/seed_2.joblib,426750,174daa695e73991436836e1e7c314392e2843b668fad899f4819d79148d21399,THEORY_VALIDATION_theory_validation,MIT
models/theory_validation/cold_functional_road_class__ICE_fuel_L/H_R_real/seed_2.json,14176,bab8051801282125d1ed982db4478794b6e90e5e243d98bcdc11c86b6d03d33c,THEORY_VALIDATION_theory_validation,MIT
models/theory_validation/cold_functional_road_class__ICE_fuel_L/L_R0/seed_0.joblib,312268,e4858aaf15c8b5e32e177d359bad18549e29856c161ccb44bf6b4be32d5f68f9,THEORY_VALIDATION_theory_validation,MIT
models/theory_validation/cold_functional_road_class__ICE_fuel_L/L_R0/seed_0.json,1583,2734ffc287e376c1ec6dc2db2133e90c658313113043b87500085d34f0596c0c,THEORY_VALIDATION_theory_validation,MIT
models/theory_validation/cold_functional_road_class__ICE_fuel_L/L_R0/seed_1.joblib,312273,0978b9d78846e33269e0a1fed8535ae17e28a2c9b96b0dec3486bce9168c38f3,THEORY_VALIDATION_theory_validation,MIT
models/theory_validation/cold_functional_road_class__ICE_fuel_L/L_R0/seed_1.json,1583,ef58d693af2b6290336d20aa9e4108d16d428bd76c828c683f03bee0b70e4477,THEORY_VALIDATION_theory_validation,MIT
models/theory_validation/cold_functional_road_class__ICE_fuel_L/L_R0/seed_2.joblib,312278,92fc294d485a83fa10b0c3441a9ffc1d7bc9bc47965a1c4d85f3a1a82e7359dc,THEORY_VALIDATION_theory_validation,MIT
models/theory_validation/cold_functional_road_class__ICE_fuel_L/L_R0/seed_2.json,1583,2078f93918c43b4e07a46124ea80f796aa8a4b8ddaf4d7a10ab285bca7c81841,THEORY_VALIDATION_theory_validation,MIT
models/theory_validation/cold_functional_road_class__ICE_fuel_L/L_R_noise/seed_0.joblib,568841,93db8d87efa336ad6b205fb9e4734c0ab517ba4976c73b5d5cf48d206d3793f1,THEORY_VALIDATION_theory_validation,MIT
models/theory_validation/cold_functional_road_class__ICE_fuel_L/L_R_noise/seed_0.json,13435,24f94b91c0d0c1a7588367a460acc34f9d10dd59539d841bf7ed7f5d4d18e521,THEORY_VALIDATION_theory_validation,MIT
models/theory_validation/cold_functional_road_class__ICE_fuel_L/L_R_noise/seed_1.joblib,568849,d282c3ebc555fb14679291a2bf091a07f90737c471c1a9376cd412f090e94359,THEORY_VALIDATION_theory_validation,MIT
models/theory_validation/cold_functional_road_class__ICE_fuel_L/L_R_noise/seed_1.json,13435,746358931dcc2f15b2bd060c616348dab1422cb54bb17546528a6de5550be775,THEORY_VALIDATION_theory_validation,MIT
models/theory_validation/cold_functional_road_class__ICE_fuel_L/L_R_noise/seed_2.joblib,568852,c8729b90b2cedd54246db6614d4933ad51352e48caa8b9355e86301ed132de71,THEORY_VALIDATION_theory_validation,MIT
models/theory_validation/cold_functional_road_class__ICE_fuel_L/L_R_noise/seed_2.json,13436,9d7e79f1903c45880b15118b4b69ed12e8f4b398e07f1d51ba076b0c018cc574,THEORY_VALIDATION_theory_validation,MIT
models/theory_validation/cold_functional_road_class__ICE_fuel_L/L_R_perm/seed_0.joblib,399874,6d5ea816ffc33d26738cba7743daef690ffece72a81b4d1ec8164e7c5fd1d38f,THEORY_VALIDATION_theory_validation,MIT
models/theory_validation/cold_functional_road_class__ICE_fuel_L/L_R_perm/seed_0.json,13434,7a9fe471ce836de728d7b165e22ce4d53f04bf9980a9ac44c865ce7ea43e6c65,THEORY_VALIDATION_theory_validation,MIT
models/theory_validation/cold_functional_road_class__ICE_fuel_L/L_R_perm/seed_1.joblib,399878,426bbe176d7fbd2668b6b5426a1f314e0fec9788aa9dcc2d98307e5bbb8b2a3f,THEORY_VALIDATION_theory_validation,MIT
models/theory_validation/cold_functional_road_class__ICE_fuel_L/L_R_perm/seed_1.json,13435,ff1b44a31d2faf31f6a75cb2d427b4e651e09b71e4fc4d6fe54842fe4575351b,THEORY_VALIDATION_theory_validation,MIT
models/theory_validation/cold_functional_road_class__ICE_fuel_L/L_R_perm/seed_2.joblib,399877,296ccf2a75712ceef42d8caaeae96f40d9a0309b49eccd8deead93987f584b59,THEORY_VALIDATION_theory_validation,MIT
models/theory_validation/cold_functional_road_class__ICE_fuel_L/L_R_perm/seed_2.json,13434,1e95b0b4b866f52995c2fe1e0846ae568bd99b0f6997713cc72b35f8daaacbe9,THEORY_VALIDATION_theory_validation,MIT
models/theory_validation/cold_functional_road_class__ICE_fuel_L/L_R_real/seed_0.joblib,415410,d85046957893ef1715d04e6d13ae97fd5414510e71ae10550adc2ed766b02102,THEORY_VALIDATION_theory_validation,MIT
models/theory_validation/cold_functional_road_class__ICE_fuel_L/L_R_real/seed_0.json,13435,8a103b6994f5aaafecb60963c89324b8c5d362fd86fc639933c9a081b55be9ee,THEORY_VALIDATION_theory_validation,MIT
models/theory_validation/cold_functional_road_class__ICE_fuel_L/L_R_real/seed_1.joblib,415414,a808a06e137fd5b73b612ba7b38f8d57ef3059cf3b4ad6e4792172540c2032c6,THEORY_VALIDATION_theory_validation,MIT
models/theory_validation/cold_functional_road_class__ICE_fuel_L/L_R_real/seed_1.json,13434,29e7ef556f4d13a775b4101af9807fef1009d172b03e5609494432106789fdf8,THEORY_VALIDATION_theory_validation,MIT
models/theory_validation/cold_functional_road_class__ICE_fuel_L/L_R_real/seed_2.joblib,415419,2f2f1894f9692cc01952ca291a6748c85ca6c497f307e6705eeceddc9fb2eb93,THEORY_VALIDATION_theory_validation,MIT
models/theory_validation/cold_functional_road_class__ICE_fuel_L/L_R_real/seed_2.json,13434,a2d4042739a5af2b8684d1a3acd393798ef2217bcbec36cc4ace458a78e5feca,THEORY_VALIDATION_theory_validation,MIT
models/theory_validation/cold_month__HEV_fuel_L/H_R0/seed_0.joblib,332366,1485cae7e8555f34730a571a7dbccbe0fe0c966942e0e98bb1678c610269b4c8,THEORY_VALIDATION_theory_validation,MIT
models/theory_validation/cold_month__HEV_fuel_L/H_R0/seed_0.json,2512,b6f834bcb19fb7548019090360edc15a33e91749539c98a5366e369d4c09a69f,THEORY_VALIDATION_theory_validation,MIT
models/theory_validation/cold_month__HEV_fuel_L/H_R0/seed_1.joblib,332367,0d5733c93cb6097b2de2df3771133b5a877b148ec3e5befba1efa9b1785a12e7,THEORY_VALIDATION_theory_validation,MIT
models/theory_validation/cold_month__HEV_fuel_L/H_R0/seed_1.json,2512,e4ba00234a283f6ac14e9e3a36fe8333d5fd3be4a8c4c748842aa1eb6f3a0095,THEORY_VALIDATION_theory_validation,MIT
models/theory_validation/cold_month__HEV_fuel_L/H_R0/seed_2.joblib,332371,0cbc3cca4d222ce1615c27bae25fe2f11f20b81df7bdc01a668364139492a324,THEORY_VALIDATION_theory_validation,MIT
models/theory_validation/cold_month__HEV_fuel_L/H_R0/seed_2.json,2512,3c5bac7d95e23a54d61fddf663c6fd1d18d775dab229edc77e74cd45a692233d,THEORY_VALIDATION_theory_validation,MIT
models/theory_validation/cold_month__HEV_fuel_L/H_R_noise/seed_0.joblib,573108,d9a5bae9ccf19e2eb572201a3645eff44d61ba7c93e036b8667aaa950d1c724f,THEORY_VALIDATION_theory_validation,MIT
models/theory_validation/cold_month__HEV_fuel_L/H_R_noise/seed_0.json,14322,ed65d4e00e55b5301e4401695536cc57b843ebce521234ebd8d32dac9b4754f0,THEORY_VALIDATION_theory_validation,MIT
models/theory_validation/cold_month__HEV_fuel_L/H_R_noise/seed_1.joblib,573109,de0cd908b6309c09da5c4936ec3a21f885b9e44ee59597f5e7ac9fa8452b3a92,THEORY_VALIDATION_theory_validation,MIT
models/theory_validation/cold_month__HEV_fuel_L/H_R_noise/seed_1.json,14323,0e0bbac22b1d3e50368940ccf73be06b1c4f39b9f8a302323f1f5f7c0c3ad1cb,THEORY_VALIDATION_theory_validation,MIT
models/theory_validation/cold_month__HEV_fuel_L/H_R_noise/seed_2.joblib,573114,caf877606c64671387cf2c270fdf2c29ecdfc6bf93638f6e9d445f5babb51506,THEORY_VALIDATION_theory_validation,MIT
models/theory_validation/cold_month__HEV_fuel_L/H_R_noise/seed_2.json,14323,ce777d4b792359868d0a0b1883ee82279e5bc15365cd2ddbbc2d81a5e338f6bd,THEORY_VALIDATION_theory_validation,MIT
models/theory_validation/cold_month__HEV_fuel_L/H_R_perm/seed_0.joblib,411442,897d5e8912c24a04705e3b7757499286f07a44d07052846b9b6b3cb85c68f1d4,THEORY_VALIDATION_theory_validation,MIT
models/theory_validation/cold_month__HEV_fuel_L/H_R_perm/seed_0.json,14322,7ee9de0620a7ca930aa92449af865c95dc8a5fa5fd1bc2927bac1fdb945915dc,THEORY_VALIDATION_theory_validation,MIT
models/theory_validation/cold_month__HEV_fuel_L/H_R_perm/seed_1.joblib,411448,663fd373ac79bf84e0386ab6d996d30b4fffcec2834f9aa6b3f5aa1d5d3baac7,THEORY_VALIDATION_theory_validation,MIT
models/theory_validation/cold_month__HEV_fuel_L/H_R_perm/seed_1.json,14321,8758cdcf407b729e9937793e5dc1e5222849bf018f11b7cfa3b522cfeb18d687,THEORY_VALIDATION_theory_validation,MIT
models/theory_validation/cold_month__HEV_fuel_L/H_R_perm/seed_2.joblib,411452,1d49cb56b12a4de96f37d352d8a1e02fbc84b325650d2a74c6a5b886d8183c0a,THEORY_VALIDATION_theory_validation,MIT
models/theory_validation/cold_month__HEV_fuel_L/H_R_perm/seed_2.json,14322,704df9695c426033912adc96c7ba0989dc0c8d2b3d64d30aad2178ce59100604,THEORY_VALIDATION_theory_validation,MIT
models/theory_validation/cold_month__HEV_fuel_L/H_R_real/seed_0.joblib,420495,339c6834394d8ebef3c5508c634a7e2cb239f9a2022deedf8e5f63754eff3974,THEORY_VALIDATION_theory_validation,MIT
models/theory_validation/cold_month__HEV_fuel_L/H_R_real/seed_0.json,14322,fcff78a8e4cbc5026202dead98a5c89df10ab50c84af4a2d0a6a4d4cb9cc2947,THEORY_VALIDATION_theory_validation,MIT
models/theory_validation/cold_month__HEV_fuel_L/H_R_real/seed_1.joblib,420500,fc29a048836d7bc3be33e8ad1382372f83924a2eb823584c68fa869ff3309744,THEORY_VALIDATION_theory_validation,MIT
models/theory_validation/cold_month__HEV_fuel_L/H_R_real/seed_1.json,14322,a0ebc6236ae214cd8168ee9b42b49a82a096d0ebda7cc5a0e2324a9a6e2d92ef,THEORY_VALIDATION_theory_validation,MIT
models/theory_validation/cold_month__HEV_fuel_L/H_R_real/seed_2.joblib,420502,a6da5209e1d8d2d9ff0e1a6a0e0030fb9409fdde44c3ee3348ee555afd3482f7,THEORY_VALIDATION_theory_validation,MIT
models/theory_validation/cold_month__HEV_fuel_L/H_R_real/seed_2.json,14322,f1b4bfc4f2ac3131ac580cbae15995a9fac8c73ca4acfbcb30dcf1f514d48b87,THEORY_VALIDATION_theory_validation,MIT
models/theory_validation/cold_month__HEV_fuel_L/L_R0/seed_0.joblib,311923,125c35626e162169519169784a4343b32c2e7164de99323cd0d00d164cd6faca,THEORY_VALIDATION_theory_validation,MIT
models/theory_validation/cold_month__HEV_fuel_L/L_R0/seed_0.json,1567,d8c5e74c4ae2ff091bcb4f5e5b4bc5df0cf71961ad12e818d916867b78419a48,THEORY_VALIDATION_theory_validation,MIT
models/theory_validation/cold_month__HEV_fuel_L/L_R0/seed_1.joblib,311922,ea0d0c37264fd463a74d30eb92e76383fbec8b21df995e37f85b84c88bc24d3d,THEORY_VALIDATION_theory_validation,MIT
models/theory_validation/cold_month__HEV_fuel_L/L_R0/seed_1.json,1566,88c1f3bdb13d22d346332f552b64f8b81185fb34a07624c26b90a3deb3ef077a,THEORY_VALIDATION_theory_validation,MIT
models/theory_validation/cold_month__HEV_fuel_L/L_R0/seed_2.joblib,311926,2bba24a48321823b069658bb056d72e6e0811a3c435c4090c15877568d3c5b00,THEORY_VALIDATION_theory_validation,MIT
models/theory_validation/cold_month__HEV_fuel_L/L_R0/seed_2.json,1567,32973f29543250d9c9fa730e7e4d7512c42aaca0db63382040a2b5be97aa1950,THEORY_VALIDATION_theory_validation,MIT
models/theory_validation/cold_month__HEV_fuel_L/L_R_noise/seed_0.joblib,565971,408387c15a668229437dbbc6569b884cabefce392fbc2d253380113456f5b3b7,THEORY_VALIDATION_theory_validation,MIT
models/theory_validation/cold_month__HEV_fuel_L/L_R_noise/seed_0.json,13379,65088676c8e367f34a5f13834f2a83889b991a86c9589a9b2dce546afc4440c5,THEORY_VALIDATION_theory_validation,MIT
models/theory_validation/cold_month__HEV_fuel_L/L_R_noise/seed_1.joblib,565978,644e31fa052ecd47db2a8d53bb856309e8767d56f3a79d47e6ec179aa2f79b41,THEORY_VALIDATION_theory_validation,MIT
models/theory_validation/cold_month__HEV_fuel_L/L_R_noise/seed_1.json,13379,091fb48c381a94c69b6950b758ce89d1f146f1d8887856f117321709552a3c41,THEORY_VALIDATION_theory_validation,MIT
models/theory_validation/cold_month__HEV_fuel_L/L_R_noise/seed_2.joblib,565979,8f16e13859eecbfd661c78004fd329d3d906a1e9543ca058472c705e1ce15f30,THEORY_VALIDATION_theory_validation,MIT
models/theory_validation/cold_month__HEV_fuel_L/L_R_noise/seed_2.json,13379,a0476e1872b9bfd8b2bf3cc2149c563101c306253f8812a00ed8a74e81d4494b,THEORY_VALIDATION_theory_validation,MIT
models/theory_validation/cold_month__HEV_fuel_L/L_R_perm/seed_0.joblib,400508,16b0f808cb9d2c2616cba20520cde1bafd320532f13c83f9418ed548597413c7,THEORY_VALIDATION_theory_validation,MIT
models/theory_validation/cold_month__HEV_fuel_L/L_R_perm/seed_0.json,13378,b8ba4675f46ec94e0a44a9855a41f5a8927334bbcfb4387523555b80a3660a42,THEORY_VALIDATION_theory_validation,MIT
models/theory_validation/cold_month__HEV_fuel_L/L_R_perm/seed_1.joblib,400513,56c4ce93baa9e873375d5647a7904d1055d870ad86254abbe6473887e9507d57,THEORY_VALIDATION_theory_validation,MIT
models/theory_validation/cold_month__HEV_fuel_L/L_R_perm/seed_1.json,13378,ca518491ad22750e379e7de382809bb34d57821e7e583bfa112cf9a109c41f57,THEORY_VALIDATION_theory_validation,MIT
models/theory_validation/cold_month__HEV_fuel_L/L_R_perm/seed_2.joblib,400512,1abf16311810ea45cf5d4288daea4599d8dacc51650c8d3ee386e9ed46805825,THEORY_VALIDATION_theory_validation,MIT
models/theory_validation/cold_month__HEV_fuel_L/L_R_perm/seed_2.json,13378,784754c7a80d5612b4abeeb4700ea06201b9c3f84cab9032e50bf1bc01c29864,THEORY_VALIDATION_theory_validation,MIT
models/theory_validation/cold_month__HEV_fuel_L/L_R_real/seed_0.joblib,412916,0184c5972affc473afe82023656fa78b6ecc313ab18297912ba1f482a2422584,THEORY_VALIDATION_theory_validation,MIT
models/theory_validation/cold_month__HEV_fuel_L/L_R_real/seed_0.json,13377,1c1d15790e33b1ba4ec30a087928407d883fbeec0440e32aab45ce8619cbb0a8,THEORY_VALIDATION_theory_validation,MIT
models/theory_validation/cold_month__HEV_fuel_L/L_R_real/seed_1.joblib,412918,61587fc8a52ecefe55c9af6836ef9343ff16fd2c3e0089897b23e50dd3b583c7,THEORY_VALIDATION_theory_validation,MIT
models/theory_validation/cold_month__HEV_fuel_L/L_R_real/seed_1.json,13378,c8bf34f132735f3f76fee77a36410d0477df8f94d15829613b09734809fb98fd,THEORY_VALIDATION_theory_validation,MIT
models/theory_validation/cold_month__HEV_fuel_L/L_R_real/seed_2.joblib,412919,e919ed67b0f4fd757692d84dd4c6cb8c80b0de28c675b80acea74c49c3d2a446,THEORY_VALIDATION_theory_validation,MIT
models/theory_validation/cold_month__HEV_fuel_L/L_R_real/seed_2.json,13378,a24b85a624da17e4bfb973455c7f562e6cfc1234e637dd567e9a9219bccaa373,THEORY_VALIDATION_theory_validation,MIT
models/theory_validation/cold_month__ICE_fuel_L/H_R0/seed_0.joblib,338147,33b39d81a4c60fa8c4b28dc001a21e6837668bfbd0010b294fc955c223d92de7,THEORY_VALIDATION_theory_validation,MIT
models/theory_validation/cold_month__ICE_fuel_L/H_R0/seed_0.json,2310,ad8503a506d86e6a4d235713a0697b1049866c789d4caed153e35b8a87f93d3a,THEORY_VALIDATION_theory_validation,MIT
models/theory_validation/cold_month__ICE_fuel_L/H_R0/seed_1.joblib,338150,b45a0236891b52c30dfce93081b84b1535b3742adc800b4f9a70877693730db6,THEORY_VALIDATION_theory_validation,MIT
models/theory_validation/cold_month__ICE_fuel_L/H_R0/seed_1.json,2309,6462cd378a3ed8abf1ef5cd9800b984c8360a21a5c72d58838a1db9ac0ce071c,THEORY_VALIDATION_theory_validation,MIT
models/theory_validation/cold_month__ICE_fuel_L/H_R0/seed_2.joblib,338156,824365f48fdfcafde8a1565d469eb0536786705607e14ef521e181b6e92f1662,THEORY_VALIDATION_theory_validation,MIT
models/theory_validation/cold_month__ICE_fuel_L/H_R0/seed_2.json,2310,75a390a3c309cfe3005983e28862ea0c80fb6ea53350b15844b0f23d0d99e068,THEORY_VALIDATION_theory_validation,MIT
models/theory_validation/cold_month__ICE_fuel_L/H_R_noise/seed_0.joblib,575178,9cca6c01494af059ad079be642685ea8a7d8c83972f9fd4ab636fb82e75cbedc,THEORY_VALIDATION_theory_validation,MIT
models/theory_validation/cold_month__ICE_fuel_L/H_R_noise/seed_0.json,14120,02bb8743491398b360904ca73be2cd7c29d9dfd7c8e5296de93810cdbb508004,THEORY_VALIDATION_theory_validation,MIT
models/theory_validation/cold_month__ICE_fuel_L/H_R_noise/seed_1.joblib,575177,1de94e9a496f1221692c6de1fb03fa5718b1bdaf4a06f546f343bc4c591af5f9,THEORY_VALIDATION_theory_validation,MIT
models/theory_validation/cold_month__ICE_fuel_L/H_R_noise/seed_1.json,14120,b03a6277177a81e0198c4ec6c16b2e591a4ac2edbca190c84c22ac3e6773f196,THEORY_VALIDATION_theory_validation,MIT
models/theory_validation/cold_month__ICE_fuel_L/H_R_noise/seed_2.joblib,575179,2cb2f440eb94f5019aedd44a7a514831e01c91a354e3a2057be9e98489750f93,THEORY_VALIDATION_theory_validation,MIT
models/theory_validation/cold_month__ICE_fuel_L/H_R_noise/seed_2.json,14120,7738b85081560d5ed28b98f53131851ec19f67c6b66579f0a89dd1d66c809b5f,THEORY_VALIDATION_theory_validation,MIT
models/theory_validation/cold_month__ICE_fuel_L/H_R_perm/seed_0.joblib,414483,b291a1d813a5cfe3bc80c757e6e8a87d1c122f5e072cb6f09ed4f58d038cee53,THEORY_VALIDATION_theory_validation,MIT
models/theory_validation/cold_month__ICE_fuel_L/H_R_perm/seed_0.json,14118,08671492f7e8feba2b1f868a553e5369c096e6f765bd3940e7b4967bd08c7325,THEORY_VALIDATION_theory_validation,MIT
models/theory_validation/cold_month__ICE_fuel_L/H_R_perm/seed_1.joblib,414482,7e9d022a99584a2a36b01630966aaa919f63f2d630697674bd5391d900fafa18,THEORY_VALIDATION_theory_validation,MIT
models/theory_validation/cold_month__ICE_fuel_L/H_R_perm/seed_1.json,14119,5843f5593c889f5777f1821a26b197464cd22267aac3a180b819549932f09a9d,THEORY_VALIDATION_theory_validation,MIT
models/theory_validation/cold_month__ICE_fuel_L/H_R_perm/seed_2.joblib,414485,550cd85d20058dd6a21ee830f24fc522c8fad44850703853b46e24ab4e8c7a9a,THEORY_VALIDATION_theory_validation,MIT
models/theory_validation/cold_month__ICE_fuel_L/H_R_perm/seed_2.json,14118,722d51bdc2712f44986424d98f6f2f342169bdf9c83f176a94fbc9c4125d5d70,THEORY_VALIDATION_theory_validation,MIT
models/theory_validation/cold_month__ICE_fuel_L/H_R_real/seed_0.joblib,423263,d69b2e45adad3e6bcc320df23effbb9ab9db02e4567184d87ee2f971c3f9debb,THEORY_VALIDATION_theory_validation,MIT
models/theory_validation/cold_month__ICE_fuel_L/H_R_real/seed_0.json,14118,5da601fd736bae1246931eb398224d83414cf97b647e50dcb8dc2d6b8337bb37,THEORY_VALIDATION_theory_validation,MIT
models/theory_validation/cold_month__ICE_fuel_L/H_R_real/seed_1.joblib,423264,366edfca95c33d1eacdff69e21680dbe9ba8947e36a05e9007004def5a76c62b,THEORY_VALIDATION_theory_validation,MIT
models/theory_validation/cold_month__ICE_fuel_L/H_R_real/seed_1.json,14119,1690c4d39b326ff20c3e47df9f01003d5d64d99cd93767c7c1cdc30f9d453f28,THEORY_VALIDATION_theory_validation,MIT
models/theory_validation/cold_month__ICE_fuel_L/H_R_real/seed_2.joblib,423268,798137b686e885092f63a65b6df42fa020453a2b54782926c1656c87ff813010,THEORY_VALIDATION_theory_validation,MIT
models/theory_validation/cold_month__ICE_fuel_L/H_R_real/seed_2.json,14118,07c5965b3d6c1ca2cd67a43030a07dc4dd7ed781300077d0bc3c7901d08c5d4e,THEORY_VALIDATION_theory_validation,MIT
models/theory_validation/cold_month__ICE_fuel_L/L_R0/seed_0.joblib,311562,9f521ad214edecc88350c6715e43a92cd03b91cd141e6ec69d38dcc553676089,THEORY_VALIDATION_theory_validation,MIT
models/theory_validation/cold_month__ICE_fuel_L/L_R0/seed_0.json,1567,8dd54fd0485a6a237e37d97d14b338fe7db3bbb23cce88e5e6fb563997014356,THEORY_VALIDATION_theory_validation,MIT
models/theory_validation/cold_month__ICE_fuel_L/L_R0/seed_1.joblib,311565,9c0cbbd211732fbbd286735fb76254c3465a30c39afc451562d1e51f67b9d699,THEORY_VALIDATION_theory_validation,MIT
models/theory_validation/cold_month__ICE_fuel_L/L_R0/seed_1.json,1567,51135d34095dae604b18082765feb04d887d95bfb88c18c620409365104cdaf1,THEORY_VALIDATION_theory_validation,MIT
models/theory_validation/cold_month__ICE_fuel_L/L_R0/seed_2.joblib,311569,dddb685976dc584611e7982d62f0564e4350e17f0cd5ff788b6b1c17fa5b64b1,THEORY_VALIDATION_theory_validation,MIT
models/theory_validation/cold_month__ICE_fuel_L/L_R0/seed_2.json,1567,61e7ea0cf3b71fa08832fcf75595a9c3e8343ca187e699d4e45b827190b1d587,THEORY_VALIDATION_theory_validation,MIT
models/theory_validation/cold_month__ICE_fuel_L/L_R_noise/seed_0.joblib,564406,96a8fa369a5a4ffaecc5a6241376d1d65de21a4ad7a30263febc4e35be70b352,THEORY_VALIDATION_theory_validation,MIT
models/theory_validation/cold_month__ICE_fuel_L/L_R_noise/seed_0.json,13377,98cc76e88771bddcbe9fad29a79b96cf297b88389d1942f7c1a0646950cffbf1,THEORY_VALIDATION_theory_validation,MIT
models/theory_validation/cold_month__ICE_fuel_L/L_R_noise/seed_1.joblib,564405,ca757ab55b3cb404ba3705c3d31d47eeff1cebdf1e93175ea0bd889e87a106b9,THEORY_VALIDATION_theory_validation,MIT
models/theory_validation/cold_month__ICE_fuel_L/L_R_noise/seed_1.json,13378,a3d017e01ccb8313f862a90c86af8f22634d672d162ad762d3e536c6346cb661,THEORY_VALIDATION_theory_validation,MIT
models/theory_validation/cold_month__ICE_fuel_L/L_R_noise/seed_2.joblib,564409,af7a3388d1c3f143762f207bf49cfb3f7d0fe800bd940315c046797847deef7a,THEORY_VALIDATION_theory_validation,MIT
models/theory_validation/cold_month__ICE_fuel_L/L_R_noise/seed_2.json,13377,d1ea44f187a409f7a091dfd4e97c1c70756734d16b1b92a9669899084cc82fa4,THEORY_VALIDATION_theory_validation,MIT
models/theory_validation/cold_month__ICE_fuel_L/L_R_perm/seed_0.joblib,395898,b6b1aa205000c2fe304afc0dab3544f93cec77f1b27f4f2ad084f1ae4379894f,THEORY_VALIDATION_theory_validation,MIT
models/theory_validation/cold_month__ICE_fuel_L/L_R_perm/seed_0.json,13377,f482e2797317164fc5c8a60e609c90afb4f2e1787d58866820cbd4c5ae3b9739,THEORY_VALIDATION_theory_validation,MIT
models/theory_validation/cold_month__ICE_fuel_L/L_R_perm/seed_1.joblib,395898,09bbb9d9435413816bf7ac48ad7e87b1e1ca341bac73086ceeee239b8fcbbac5,THEORY_VALIDATION_theory_validation,MIT
models/theory_validation/cold_month__ICE_fuel_L/L_R_perm/seed_1.json,13376,f36b9251422e3ad71ce28b9bbf626a62a2d9db9898732c402c2e9099cd38f5db,THEORY_VALIDATION_theory_validation,MIT
models/theory_validation/cold_month__ICE_fuel_L/L_R_perm/seed_2.joblib,395902,e83fa2e297a42f97cbc4cdcb714f8fdafee2ea8d73aa7bcaf6eecff511d17000,THEORY_VALIDATION_theory_validation,MIT
models/theory_validation/cold_month__ICE_fuel_L/L_R_perm/seed_2.json,13376,0b1472c6beb991f4c72e81635c58c8524a131a53debf7f7d3298e3322c111d91,THEORY_VALIDATION_theory_validation,MIT
models/theory_validation/cold_month__ICE_fuel_L/L_R_real/seed_0.joblib,413424,0fea3e914e9a25da9b0c1b4c58fde2578706f51b9367a65bcc5bb150ff520f6b,THEORY_VALIDATION_theory_validation,MIT
models/theory_validation/cold_month__ICE_fuel_L/L_R_real/seed_0.json,13376,ecd912a407501f35c230f4a37b63beb7f28b5cae6ae6a9f9cb1ae70ead2e9d89,THEORY_VALIDATION_theory_validation,MIT
models/theory_validation/cold_month__ICE_fuel_L/L_R_real/seed_1.joblib,413424,16b8b2ecd6a3602ff98e399a91f764ccda473b37bc27273c67c7a2fca95a8940,THEORY_VALIDATION_theory_validation,MIT
models/theory_validation/cold_month__ICE_fuel_L/L_R_real/seed_1.json,13376,6b1c162e6be8abc58dd8c96cc0437d1dfd9106fbb6309cc5da71d8b547fa349b,THEORY_VALIDATION_theory_validation,MIT
models/theory_validation/cold_month__ICE_fuel_L/L_R_real/seed_2.joblib,413428,abdba77630b9dbd4d5ef4c05cb08a956a7f60bbf2ff57af01341a3bb6f41bc71,THEORY_VALIDATION_theory_validation,MIT
models/theory_validation/cold_month__ICE_fuel_L/L_R_real/seed_2.json,13377,759f96e09336dfbe0cf7d607f7b26967c9cb8a3d04d4d7b60f565ce7d43e5355,THEORY_VALIDATION_theory_validation,MIT
models/theory_validation/cold_spatial__HEV_fuel_L/H_R0/seed_0.joblib,325513,fe2f8be6d2482fa67c150449f26dfbac38671781d4d82de649e727c46caad10f,THEORY_VALIDATION_theory_validation,MIT
models/theory_validation/cold_spatial__HEV_fuel_L/H_R0/seed_0.json,2514,9423b8d0bf76be3714479d8a40b197ad7ab1a68feddb0cf6353a0712dd4170c2,THEORY_VALIDATION_theory_validation,MIT
models/theory_validation/cold_spatial__HEV_fuel_L/H_R0/seed_1.joblib,325513,02132be61a51b2fce42f3333e908020926f19165875c9b2aa751df85af913e25,THEORY_VALIDATION_theory_validation,MIT
models/theory_validation/cold_spatial__HEV_fuel_L/H_R0/seed_1.json,2514,b4b668a488f67d463af408c94c1f9aab222491eccd983beea2b101ed90537d21,THEORY_VALIDATION_theory_validation,MIT
models/theory_validation/cold_spatial__HEV_fuel_L/H_R0/seed_2.joblib,325516,aa9b85090f8e1358cb140b74d453843fe53de7dca3310d374159dd5d5f0db90f,THEORY_VALIDATION_theory_validation,MIT
models/theory_validation/cold_spatial__HEV_fuel_L/H_R0/seed_2.json,2514,f1c26a325749bb6b6bef95a7fc1b95b860664350dce36ee415b094470eac0fda,THEORY_VALIDATION_theory_validation,MIT
models/theory_validation/cold_spatial__HEV_fuel_L/H_R_noise/seed_0.joblib,569271,a4a3788be684375cdc15f6878b59dc0d73a7b635510fc2c1eac85b7959971971,THEORY_VALIDATION_theory_validation,MIT
models/theory_validation/cold_spatial__HEV_fuel_L/H_R_noise/seed_0.json,14325,1d0ee18208f83d6983c0bd80ddceeb8d4b82193fba15c020e875092ec52abcf6,THEORY_VALIDATION_theory_validation,MIT
models/theory_validation/cold_spatial__HEV_fuel_L/H_R_noise/seed_1.joblib,569274,f9ec35e9cf0441435f621698ddf8f3c1e72cdc3959c0d0c039287b46177bcc5a,THEORY_VALIDATION_theory_validation,MIT
models/theory_validation/cold_spatial__HEV_fuel_L/H_R_noise/seed_1.json,14324,45c88255e269c121e3e3678290fa217f4ce538904c4019689bba98adc0a9df32,THEORY_VALIDATION_theory_validation,MIT
models/theory_validation/cold_spatial__HEV_fuel_L/H_R_noise/seed_2.joblib,569276,a021a12d31c75d981b79bca48a632428a45207e0a171141616419eed8726279f,THEORY_VALIDATION_theory_validation,MIT
models/theory_validation/cold_spatial__HEV_fuel_L/H_R_noise/seed_2.json,14325,26a45d02d098956a97784e091f1075f02a8f5b4f19d5452f7e61ff7e8002c0d3,THEORY_VALIDATION_theory_validation,MIT
models/theory_validation/cold_spatial__HEV_fuel_L/H_R_perm/seed_0.joblib,405212,65dc01191b6b77140606c73f05207ca6f06c99e3b4b129c2277185ee039b10d7,THEORY_VALIDATION_theory_validation,MIT
models/theory_validation/cold_spatial__HEV_fuel_L/H_R_perm/seed_0.json,14324,b6adb09025aa1c6f8a3e65d04acc0a4b0230aef9e9476dd88f5ae3622a7f9717,THEORY_VALIDATION_theory_validation,MIT
models/theory_validation/cold_spatial__HEV_fuel_L/H_R_perm/seed_1.joblib,405223,3c9083341b5e499afa9684784fb14ce58a6272ab5e1dceb2c13c0ead4da4a31e,THEORY_VALIDATION_theory_validation,MIT
models/theory_validation/cold_spatial__HEV_fuel_L/H_R_perm/seed_1.json,14324,cf96a76e8613deef2680529b8eec6baafce25c357b37119f5c2d301a85dbbac7,THEORY_VALIDATION_theory_validation,MIT
models/theory_validation/cold_spatial__HEV_fuel_L/H_R_perm/seed_2.joblib,405224,fa2206c098225cd3df92a5c05ff5fb1b8367caf11c848f043d07f8dc5b4f00c7,THEORY_VALIDATION_theory_validation,MIT
models/theory_validation/cold_spatial__HEV_fuel_L/H_R_perm/seed_2.json,14324,68ca5ab431e82c64bb6b9e5b660f48b0b01e3e046d26fb4c858aee936e6b3c97,THEORY_VALIDATION_theory_validation,MIT
models/theory_validation/cold_spatial__HEV_fuel_L/H_R_real/seed_0.joblib,412534,965b0fac7fc24346b8c2cb3ff69f06fb84f10c406dac759bfe555a1a7f7eed06,THEORY_VALIDATION_theory_validation,MIT
models/theory_validation/cold_spatial__HEV_fuel_L/H_R_real/seed_0.json,14324,c95e1509cc2ce94bbbaf23fa2b635e671683f824a287379b35e8b69f528ec3e8,THEORY_VALIDATION_theory_validation,MIT
models/theory_validation/cold_spatial__HEV_fuel_L/H_R_real/seed_1.joblib,412545,9a4efcb55963b965bd33d9b43e1f13a25e274b7081b6dbf3a0b5484e3d12efd8,THEORY_VALIDATION_theory_validation,MIT
models/theory_validation/cold_spatial__HEV_fuel_L/H_R_real/seed_1.json,14324,83c30fe5bc2aa2495a38506952748d10ffcb20ac2c27a1e8d73b3eaac6ecfa4d,THEORY_VALIDATION_theory_validation,MIT
models/theory_validation/cold_spatial__HEV_fuel_L/H_R_real/seed_2.joblib,412547,4d65ef982dd29d23d5ec490ab0e0813d2ecb8358006762c4afe1d92df4cdef06,THEORY_VALIDATION_theory_validation,MIT
models/theory_validation/cold_spatial__HEV_fuel_L/H_R_real/seed_2.json,14324,3725767d9bf339992a59f73be340dfa5e10b29e83ac5ff4f278fd43d666f2c73,THEORY_VALIDATION_theory_validation,MIT
models/theory_validation/cold_spatial__HEV_fuel_L/L_R0/seed_0.joblib,306279,4d0766b386578df86f8069acc5f7d3a661c41d2cd293fe5fbb6a68e494c98341,THEORY_VALIDATION_theory_validation,MIT
models/theory_validation/cold_spatial__HEV_fuel_L/L_R0/seed_0.json,1569,9185d67c68c0de5a5a0651db89296fee66a58b349ce26bfb0d8defcb7b022717,THEORY_VALIDATION_theory_validation,MIT
models/theory_validation/cold_spatial__HEV_fuel_L/L_R0/seed_1.joblib,306284,580694865d1abd5be324cffe7f849501eb148a1fe01df103082275ecb8a393ab,THEORY_VALIDATION_theory_validation,MIT
models/theory_validation/cold_spatial__HEV_fuel_L/L_R0/seed_1.json,1569,bf45c2e05f811abe66e9ddc9905a73485abb0d454f213eac897796b6eb4ab31e,THEORY_VALIDATION_theory_validation,MIT
models/theory_validation/cold_spatial__HEV_fuel_L/L_R0/seed_2.joblib,306288,ec11ae8c3f75979b62c10effd9a5e27709025695e70b5d5655ee85c62673bbd5,THEORY_VALIDATION_theory_validation,MIT
models/theory_validation/cold_spatial__HEV_fuel_L/L_R0/seed_2.json,1569,79f4a090a289ab47bcd55256205bf3b2e3a811ea85573b92536c4798e43873ec,THEORY_VALIDATION_theory_validation,MIT
models/theory_validation/cold_spatial__HEV_fuel_L/L_R_noise/seed_0.joblib,564998,661d5c4c07b600da43f75cfcbc9d392fc833a056bc47053428fa181605214f68,THEORY_VALIDATION_theory_validation,MIT
models/theory_validation/cold_spatial__HEV_fuel_L/L_R_noise/seed_0.json,13381,cdbe70872f11ac12c25b74d4b3d2f22da091835ad87e37f383e048a729673e38,THEORY_VALIDATION_theory_validation,MIT
models/theory_validation/cold_spatial__HEV_fuel_L/L_R_noise/seed_1.joblib,564999,fbea3e1691450c2feded975b7d12bb74fdeafa81012a6201a2918f33a1044f3e,THEORY_VALIDATION_theory_validation,MIT
models/theory_validation/cold_spatial__HEV_fuel_L/L_R_noise/seed_1.json,13381,f659b5a5fea809957f4e02e4413a3f6712f9c5827f1f098253906db85f0677fb,THEORY_VALIDATION_theory_validation,MIT
models/theory_validation/cold_spatial__HEV_fuel_L/L_R_noise/seed_2.joblib,565004,a8a7fddde8e5162d1727724da273cdc70cca3cb674c24df38c3f7b32304f67bb,THEORY_VALIDATION_theory_validation,MIT
models/theory_validation/cold_spatial__HEV_fuel_L/L_R_noise/seed_2.json,13381,52f04e0dc7d766f10be95ee7827b8c2c5bc182977a1b588ddaad868c40fc4a9e,THEORY_VALIDATION_theory_validation,MIT
models/theory_validation/cold_spatial__HEV_fuel_L/L_R_perm/seed_0.joblib,395348,549529836ba89bb77f8c53cf4fbba4bcaf4d091453c30ece726e523471dac04d,THEORY_VALIDATION_theory_validation,MIT
models/theory_validation/cold_spatial__HEV_fuel_L/L_R_perm/seed_0.json,13380,1041fb2d9330cedc52b325cdb1143e074d816156fa9228d7f2b317a296137c38,THEORY_VALIDATION_theory_validation,MIT
models/theory_validation/cold_spatial__HEV_fuel_L/L_R_perm/seed_1.joblib,395348,b5c212dc020d62b217fe3b38ce00c871d900651e3f91ada69e5eb977cf132ac1,THEORY_VALIDATION_theory_validation,MIT
models/theory_validation/cold_spatial__HEV_fuel_L/L_R_perm/seed_1.json,13380,20ad07317e46928a405748545d22c9343994d272b7e4d7592bac065079647413,THEORY_VALIDATION_theory_validation,MIT
models/theory_validation/cold_spatial__HEV_fuel_L/L_R_perm/seed_2.joblib,395351,83afe985c347e768e62a7035ec0c0623a6ad85dc0be69a45b4f94a73540a32e5,THEORY_VALIDATION_theory_validation,MIT
models/theory_validation/cold_spatial__HEV_fuel_L/L_R_perm/seed_2.json,13380,c4adedebf345f383caf9fe9090a2073f9771db3817d24aa12125e291cf9959ab,THEORY_VALIDATION_theory_validation,MIT
models/theory_validation/cold_spatial__HEV_fuel_L/L_R_real/seed_0.joblib,405548,fc4875d30ad56eb7666c2f6d041d5b94244128ed32d7c65826e5f2b11cb6d26c,THEORY_VALIDATION_theory_validation,MIT
models/theory_validation/cold_spatial__HEV_fuel_L/L_R_real/seed_0.json,13380,bf24a8b810d1f92d2abffd5dd751ed33c2c0f8c011fb4cc610506ab704307384,THEORY_VALIDATION_theory_validation,MIT
models/theory_validation/cold_spatial__HEV_fuel_L/L_R_real/seed_1.joblib,405552,1f355ed656b41c69a0973544846af64e7ff54f03ca43c77937b78e32c68f40ce,THEORY_VALIDATION_theory_validation,MIT
models/theory_validation/cold_spatial__HEV_fuel_L/L_R_real/seed_1.json,13380,44a213e4f521c4f6d08a94469e27d0941c2987881fb6d97057b9951e751e2832,THEORY_VALIDATION_theory_validation,MIT
models/theory_validation/cold_spatial__HEV_fuel_L/L_R_real/seed_2.joblib,405555,d66c7e7c1107c8385f692cc523afd3b116c4c1d0a5ef325c5642ea53317aa987,THEORY_VALIDATION_theory_validation,MIT
models/theory_validation/cold_spatial__HEV_fuel_L/L_R_real/seed_2.json,13380,1b375ac27e2a324d5eddb52b3e83bab9ce63b80242ee8e14b6d5aec475d94ba6,THEORY_VALIDATION_theory_validation,MIT
models/theory_validation/cold_spatial__ICE_fuel_L/H_R0/seed_0.joblib,330743,a5346b42992233ae037b5f0843d38b3fe9591c90ca9cb7c19f7554dc28ca312c,THEORY_VALIDATION_theory_validation,MIT
models/theory_validation/cold_spatial__ICE_fuel_L/H_R0/seed_0.json,2312,0c0e98f10c83b10eaf260e417d396c4e28f1e5ab298c31671cbca8c2cfec8940,THEORY_VALIDATION_theory_validation,MIT
models/theory_validation/cold_spatial__ICE_fuel_L/H_R0/seed_1.joblib,330743,dad84cc8bb865c687295cfd0956064da4cca9b99136b51f9d24b7be4322eb4e3,THEORY_VALIDATION_theory_validation,MIT
models/theory_validation/cold_spatial__ICE_fuel_L/H_R0/seed_1.json,2312,fc634c516e37a839c467802eab4efd366cbff4d2ce3a4c1ce8217d889c1e80dc,THEORY_VALIDATION_theory_validation,MIT
models/theory_validation/cold_spatial__ICE_fuel_L/H_R0/seed_2.joblib,330746,ea374701b151714a1b1101379c5ed033c1a8873bf8efbe382abdc8def4ee7aba,THEORY_VALIDATION_theory_validation,MIT
models/theory_validation/cold_spatial__ICE_fuel_L/H_R0/seed_2.json,2312,f7e8c5a28c8934ed6d49a9d2a53bd950f8be4fbdbcb7d82cc1c8f77b8ee44728,THEORY_VALIDATION_theory_validation,MIT
models/theory_validation/cold_spatial__ICE_fuel_L/H_R_noise/seed_0.joblib,570608,6328453b23bf5d27b2a65b3702363b4a1095d08ec38ffb17845e62c6d08c2688,THEORY_VALIDATION_theory_validation,MIT
models/theory_validation/cold_spatial__ICE_fuel_L/H_R_noise/seed_0.json,14081,85c35459ff2404de8b498cef3f105193ac64bc546cf6684d963b21be756f51b6,THEORY_VALIDATION_theory_validation,MIT
models/theory_validation/cold_spatial__ICE_fuel_L/H_R_noise/seed_1.joblib,570614,47cc23153c2eb44118a0e2f62bded2fab6b96aac183458091b466f67cdc9d06a,THEORY_VALIDATION_theory_validation,MIT
models/theory_validation/cold_spatial__ICE_fuel_L/H_R_noise/seed_1.json,14080,6a85c5a6cab45ec05b038825c9d29e7d1ba223fd6628192785c6b597ef760c5a,THEORY_VALIDATION_theory_validation,MIT
models/theory_validation/cold_spatial__ICE_fuel_L/H_R_noise/seed_2.joblib,570614,4e446aae1edbb1a863e9e6587383ce621764f2325be8259bf0c3249bc8231638,THEORY_VALIDATION_theory_validation,MIT
models/theory_validation/cold_spatial__ICE_fuel_L/H_R_noise/seed_2.json,14081,ddca4983580de916402adaf9ba0dbee7bd71fe334e187b349a75069e3aa406f2,THEORY_VALIDATION_theory_validation,MIT
models/theory_validation/cold_spatial__ICE_fuel_L/H_R_perm/seed_0.joblib,407120,22c6222e511cf1b262d6e8d4c0166cb70a329be19d07cd520f1527340a830f5a,THEORY_VALIDATION_theory_validation,MIT
models/theory_validation/cold_spatial__ICE_fuel_L/H_R_perm/seed_0.json,14080,e680c8a6de962666e818dc7e2699ee1e0941ccacd7d9c0b753474bcdfe1f666b,THEORY_VALIDATION_theory_validation,MIT
models/theory_validation/cold_spatial__ICE_fuel_L/H_R_perm/seed_1.joblib,407127,a53be236c24afbd2d6a6c9e8061f4bb8bc551f8276d6c73be694cdb33bf793a9,THEORY_VALIDATION_theory_validation,MIT
models/theory_validation/cold_spatial__ICE_fuel_L/H_R_perm/seed_1.json,14080,bb48195aaaa81a8eff84a47f6b998176b3b0621630682f1552455624060aff1f,THEORY_VALIDATION_theory_validation,MIT
models/theory_validation/cold_spatial__ICE_fuel_L/H_R_perm/seed_2.joblib,407134,517a766ac1f2c540fbe61713a4446bd2a8624a7c9fd852306b954d248af8ff99,THEORY_VALIDATION_theory_validation,MIT
models/theory_validation/cold_spatial__ICE_fuel_L/H_R_perm/seed_2.json,14080,a7cf0c36763fb3fb1f08dc5da45203b8f96dad45b25689a4ac7432bcedae3273,THEORY_VALIDATION_theory_validation,MIT
models/theory_validation/cold_spatial__ICE_fuel_L/H_R_real/seed_0.joblib,415797,3084a41648eec5eda7e356c0938abce6fa2823049cfb19166f2aea5e060c8aca,THEORY_VALIDATION_theory_validation,MIT
models/theory_validation/cold_spatial__ICE_fuel_L/H_R_real/seed_0.json,14080,bed3e5a54730ab63b6a16e71438ff32036b77d274b2647ca621e102044e8484b,THEORY_VALIDATION_theory_validation,MIT
models/theory_validation/cold_spatial__ICE_fuel_L/H_R_real/seed_1.joblib,415803,0530fbac406b1ca8b631cfc15ba5d556ac6352615435e393cd4fe43755f4f2a8,THEORY_VALIDATION_theory_validation,MIT
models/theory_validation/cold_spatial__ICE_fuel_L/H_R_real/seed_1.json,14079,c27bc7f536c3017e89b9f82c634783606984dd28ae887c53fdc9313b6f911630,THEORY_VALIDATION_theory_validation,MIT
models/theory_validation/cold_spatial__ICE_fuel_L/H_R_real/seed_2.joblib,415805,e998ebcc42c127c928d7e1020d78436978c38553b37a3f7741c0ea7280f70738,THEORY_VALIDATION_theory_validation,MIT
models/theory_validation/cold_spatial__ICE_fuel_L/H_R_real/seed_2.json,14079,8637ecaddcb9e479bbbeba67e090573c96a5d8aea2e0bd677adad7ba870aa194,THEORY_VALIDATION_theory_validation,MIT
models/theory_validation/cold_spatial__ICE_fuel_L/L_R0/seed_0.joblib,300213,7058ec373fbc8f97b074a7074fb930b7473374ba3e9cc0701233ec4531c235e3,THEORY_VALIDATION_theory_validation,MIT
models/theory_validation/cold_spatial__ICE_fuel_L/L_R0/seed_0.json,1569,5fc00b1521e5bb5f96c657944c4e0deaeae5dcac8238b79f9575952a4fdee2b0,THEORY_VALIDATION_theory_validation,MIT
models/theory_validation/cold_spatial__ICE_fuel_L/L_R0/seed_1.joblib,300219,7522c8601d6fb2713ff6505dea3325d7a6bc07d813f4f334e297bf81e58b0f76,THEORY_VALIDATION_theory_validation,MIT
models/theory_validation/cold_spatial__ICE_fuel_L/L_R0/seed_1.json,1569,d881f06843644b33987d0571f9797b70af084ffd708536de78e7ff688802ca91,THEORY_VALIDATION_theory_validation,MIT
models/theory_validation/cold_spatial__ICE_fuel_L/L_R0/seed_2.joblib,300221,db80a3089a2a04e8769a00c3abed32bba750d43d9eb92f406aee3cb174a32fc2,THEORY_VALIDATION_theory_validation,MIT
models/theory_validation/cold_spatial__ICE_fuel_L/L_R0/seed_2.json,1569,cd46d464270408faa741a9ea00a88927600e4d1be6ad6d56082970abe8cadbdf,THEORY_VALIDATION_theory_validation,MIT
models/theory_validation/cold_spatial__ICE_fuel_L/L_R_noise/seed_0.joblib,559673,c773eb209c78a1b86cb08aa3c374789bf0c33f3d8fc577b4e3997631440909fd,THEORY_VALIDATION_theory_validation,MIT
models/theory_validation/cold_spatial__ICE_fuel_L/L_R_noise/seed_0.json,13339,f48fcc5b6e1ef8a246c387054fd3f6e3585b4bce700b883821b85d3da0892331,THEORY_VALIDATION_theory_validation,MIT
models/theory_validation/cold_spatial__ICE_fuel_L/L_R_noise/seed_1.joblib,559671,3531ea9197ada0e2e28ebe4ad3ceff98c35226c82207523c6303fabb828bae99,THEORY_VALIDATION_theory_validation,MIT
models/theory_validation/cold_spatial__ICE_fuel_L/L_R_noise/seed_1.json,13339,83322aa91c1238b55c1e05722bfd88e022317d5eddc74e67bc3783bb9a9aa762,THEORY_VALIDATION_theory_validation,MIT
models/theory_validation/cold_spatial__ICE_fuel_L/L_R_noise/seed_2.joblib,559675,9b953797fd63772df8dd69b20489f55dc3f9b5ff4c01266425773d54c23c9643,THEORY_VALIDATION_theory_validation,MIT
models/theory_validation/cold_spatial__ICE_fuel_L/L_R_noise/seed_2.json,13338,d451adc808f662b7727473e7da1e7548b9fdb0701ebe0b09842d3317412e990e,THEORY_VALIDATION_theory_validation,MIT
models/theory_validation/cold_spatial__ICE_fuel_L/L_R_perm/seed_0.joblib,389427,2a080bca0085a404c76ffd93a29c1d51414d0406485597bd13522bdc8d767d64,THEORY_VALIDATION_theory_validation,MIT
models/theory_validation/cold_spatial__ICE_fuel_L/L_R_perm/seed_0.json,13338,d3c15e0845b27beed09aa27b75a6a0166ff87a0ae3edcb39f710d8906e7ca5f6,THEORY_VALIDATION_theory_validation,MIT
models/theory_validation/cold_spatial__ICE_fuel_L/L_R_perm/seed_1.joblib,389425,627588669c4825c5aefa4fb0dba627aacbbb5f49a5a00aad1b00db8c73adb1fc,THEORY_VALIDATION_theory_validation,MIT
models/theory_validation/cold_spatial__ICE_fuel_L/L_R_perm/seed_1.json,13338,aa69dbf2fac1545de73e8cdd77f4197185309f87aca1083e84fba9cbbe29073e,THEORY_VALIDATION_theory_validation,MIT
models/theory_validation/cold_spatial__ICE_fuel_L/L_R_perm/seed_2.joblib,389428,8078294f08b629bf4b791d61efd1a2ac3ca3b48bf02e57f4ae8791e9cb843f16,THEORY_VALIDATION_theory_validation,MIT
models/theory_validation/cold_spatial__ICE_fuel_L/L_R_perm/seed_2.json,13338,1f6a3ebce7bbbe4780a919f26c753c2293b1e6efd4664d856dbe6af9c5d64ac6,THEORY_VALIDATION_theory_validation,MIT
models/theory_validation/cold_spatial__ICE_fuel_L/L_R_real/seed_0.joblib,404058,0e0be770db460d04b32cd5a1c183d3e68bf8e70cd3dcfceceac112277625460f,THEORY_VALIDATION_theory_validation,MIT
models/theory_validation/cold_spatial__ICE_fuel_L/L_R_real/seed_0.json,13338,23203a0e9501bf25e569e01351f4fb257528e49105c36265556546ec5e87d648,THEORY_VALIDATION_theory_validation,MIT
models/theory_validation/cold_spatial__ICE_fuel_L/L_R_real/seed_1.joblib,404055,540168a7986beceb7c3a85643c7075260d91e6e310d8cb3cd5b1115b337608f3,THEORY_VALIDATION_theory_validation,MIT
models/theory_validation/cold_spatial__ICE_fuel_L/L_R_real/seed_1.json,13337,1bc03215ec7aecdda328ed6a1539be358beb3122e7ec9329bc49f99dc27bf08a,THEORY_VALIDATION_theory_validation,MIT
models/theory_validation/cold_spatial__ICE_fuel_L/L_R_real/seed_2.joblib,404058,95026a9fa7191e64258da1e7a8bfc229f14bb5be0a8564ceeb97f7d09b5e3d66,THEORY_VALIDATION_theory_validation,MIT
models/theory_validation/cold_spatial__ICE_fuel_L/L_R_real/seed_2.json,13338,74b626b80427bede1f66bbcfeaf9c57c27a8fd587fbe94db69ff9faa2f1a83c3,THEORY_VALIDATION_theory_validation,MIT
models/theory_validation/cold_trip__HEV_fuel_L/H_R0/seed_0.joblib,329942,37e7365e1548a6e2c4b77cead3092ee63a4d9f3d9e2084da401a25e262b9424a,THEORY_VALIDATION_theory_validation,MIT
models/theory_validation/cold_trip__HEV_fuel_L/H_R0/seed_0.json,2511,a7014b66443af649c218567b4cf340fa38e030e224723b287986233c2ef2ad94,THEORY_VALIDATION_theory_validation,MIT
models/theory_validation/cold_trip__HEV_fuel_L/H_R0/seed_1.joblib,329942,abc79a09148ab04d9eccd06b9aedd675b27382badb931290a8a0c7ddb95f1724,THEORY_VALIDATION_theory_validation,MIT
models/theory_validation/cold_trip__HEV_fuel_L/H_R0/seed_1.json,2511,65816d2b078721312fb01316b202d33e1f272c675ee3d52e30cd71078d68fc17,THEORY_VALIDATION_theory_validation,MIT
models/theory_validation/cold_trip__HEV_fuel_L/H_R0/seed_2.joblib,329943,8f1cc8c74d08931df82d06a61022d401e3ac75db1dce3f58335ae29dfa05964a,THEORY_VALIDATION_theory_validation,MIT
models/theory_validation/cold_trip__HEV_fuel_L/H_R0/seed_2.json,2511,38298d8c1734bbc858206a9a4c991f6566c848b8be4eb26697ff93a227fe8edc,THEORY_VALIDATION_theory_validation,MIT
models/theory_validation/cold_trip__HEV_fuel_L/H_R_noise/seed_0.joblib,567612,860a49b1364bc87952362dc02deb730caacadd8a3b4a6695e0a936fc5ba8e121,THEORY_VALIDATION_theory_validation,MIT
models/theory_validation/cold_trip__HEV_fuel_L/H_R_noise/seed_0.json,14277,35850ecef575a046513f6b30a6356a75593b80471ec3fb4a3be59fd9600b672e,THEORY_VALIDATION_theory_validation,MIT
models/theory_validation/cold_trip__HEV_fuel_L/H_R_noise/seed_1.joblib,567613,f6fd70e1a6edc04375a3ff44afc33e129e712c803c14de6330d3ecc8a99febf0,THEORY_VALIDATION_theory_validation,MIT
models/theory_validation/cold_trip__HEV_fuel_L/H_R_noise/seed_1.json,14280,c9d25023d569efb458f04249e84071c65b02ea25f0998246a3da4e3ae651d536,THEORY_VALIDATION_theory_validation,MIT
models/theory_validation/cold_trip__HEV_fuel_L/H_R_noise/seed_2.joblib,567617,40f91252f75161b9d4472a54afc9efd6a000609b67b101394a0096cc1ca33997,THEORY_VALIDATION_theory_validation,MIT
models/theory_validation/cold_trip__HEV_fuel_L/H_R_noise/seed_2.json,14280,788353723c43b8d16f34531b243b9ba281c9379e4f6ec82cd2617ecac1a2f80d,THEORY_VALIDATION_theory_validation,MIT
models/theory_validation/cold_trip__HEV_fuel_L/H_R_perm/seed_0.joblib,409406,0b633a4380a8760314992a1e7cb26823eb6561e57b63419775657bc3f3401bca,THEORY_VALIDATION_theory_validation,MIT
models/theory_validation/cold_trip__HEV_fuel_L/H_R_perm/seed_0.json,14278,39827a346f8d6162c59d7eb91547e1b4a417ac4d5dd03e6b2c8b05cae14086f4,THEORY_VALIDATION_theory_validation,MIT
models/theory_validation/cold_trip__HEV_fuel_L/H_R_perm/seed_1.joblib,409408,2f8bf8776d61a81d8a5f6f2c9c30f88f5c43a799061c7700a8d9932c3ff159cc,THEORY_VALIDATION_theory_validation,MIT
models/theory_validation/cold_trip__HEV_fuel_L/H_R_perm/seed_1.json,14279,3dd2e6a2dcc69f41ab433fdf75f2b5b06827c7a9ba909e0182b09bd207367136,THEORY_VALIDATION_theory_validation,MIT
models/theory_validation/cold_trip__HEV_fuel_L/H_R_perm/seed_2.joblib,409407,eb1ad62a9911f3846abdd43a5751288ce98414c60be768f5a03619658412239a,THEORY_VALIDATION_theory_validation,MIT
models/theory_validation/cold_trip__HEV_fuel_L/H_R_perm/seed_2.json,14279,10549d3516a10629da3cddb249ab19bc7318324075149f68b4b1920d00f012dc,THEORY_VALIDATION_theory_validation,MIT
models/theory_validation/cold_trip__HEV_fuel_L/H_R_real/seed_0.joblib,414619,0d34baa0adbe4ab1399eb65d434e2770da44c19c3e0471547a73356ebf352696,THEORY_VALIDATION_theory_validation,MIT
models/theory_validation/cold_trip__HEV_fuel_L/H_R_real/seed_0.json,14278,0f648997ccdf5b15d369444f87ae7e8ed7220418f2b89a9b5301cae1998b31bf,THEORY_VALIDATION_theory_validation,MIT
models/theory_validation/cold_trip__HEV_fuel_L/H_R_real/seed_1.joblib,414620,20af79b80e4042ba32cdd748a63d4743aad3562d1f092cbc10b2f870700d67a1,THEORY_VALIDATION_theory_validation,MIT
models/theory_validation/cold_trip__HEV_fuel_L/H_R_real/seed_1.json,14277,1bc5c9ead239e8d6380df1454194002206b8ffc896ab81c3e6855c62facb4a87,THEORY_VALIDATION_theory_validation,MIT
models/theory_validation/cold_trip__HEV_fuel_L/H_R_real/seed_2.joblib,414621,d7582e4646d262c14a10c820b84d2ee719ddc1c60cb7a756b24792c890db335b,THEORY_VALIDATION_theory_validation,MIT
models/theory_validation/cold_trip__HEV_fuel_L/H_R_real/seed_2.json,14279,cae57c3db6cd07c973434217688eb2f0f17bd1fe0f29e8b36c48620431f4ff1b,THEORY_VALIDATION_theory_validation,MIT
models/theory_validation/cold_trip__HEV_fuel_L/L_R0/seed_0.joblib,309752,96684d41baa62dd41dd035e7cf3a53631402794bfd52af925a0f98932c2077e6,THEORY_VALIDATION_theory_validation,MIT
models/theory_validation/cold_trip__HEV_fuel_L/L_R0/seed_0.json,1566,d06854012525a185e46b294b4d8809f5957899507a50faca5dd5ce89397e344a,THEORY_VALIDATION_theory_validation,MIT
models/theory_validation/cold_trip__HEV_fuel_L/L_R0/seed_1.joblib,309753,e47c9f24a225358d8441fa7e93ba65f438ac55626844069d1b6ea31684639cde,THEORY_VALIDATION_theory_validation,MIT
models/theory_validation/cold_trip__HEV_fuel_L/L_R0/seed_1.json,1566,a8ecc7d27474d628882471073c24c5fa775fd2062b2af454b600c8af52814d1c,THEORY_VALIDATION_theory_validation,MIT
models/theory_validation/cold_trip__HEV_fuel_L/L_R0/seed_2.joblib,309757,e0e97ea27aaf665babc281fadfe1858b9693f235bac555d65c281e00aa97fde7,THEORY_VALIDATION_theory_validation,MIT
models/theory_validation/cold_trip__HEV_fuel_L/L_R0/seed_2.json,1564,d0556d102db773f05e33a053a8eaf575db4501805214bfc52b431f20d460db99,THEORY_VALIDATION_theory_validation,MIT
models/theory_validation/cold_trip__HEV_fuel_L/L_R_noise/seed_0.joblib,563794,05e72f8e374166e378a79b071ffed40f6a0029edead53c9b72fbc3b5fb0a586f,THEORY_VALIDATION_theory_validation,MIT
models/theory_validation/cold_trip__HEV_fuel_L/L_R_noise/seed_0.json,13336,c8e5156e300611c8e606ae5f487d37acce722c335b93ee7bd75e98f13943094c,THEORY_VALIDATION_theory_validation,MIT
models/theory_validation/cold_trip__HEV_fuel_L/L_R_noise/seed_1.joblib,563794,a43c3b481d02f10b422f269f001625d3f8c0e9769a6667a0873f525a6b471d20,THEORY_VALIDATION_theory_validation,MIT
models/theory_validation/cold_trip__HEV_fuel_L/L_R_noise/seed_1.json,13336,b97090b78bda1a49fba14a6b47332c8d87067f8f44cbda8b2c0d9ade170e9d52,THEORY_VALIDATION_theory_validation,MIT
models/theory_validation/cold_trip__HEV_fuel_L/L_R_noise/seed_2.joblib,563794,59869f1e10c79e8b32583c18d18f66f49614fba22ff5b1aebcaade1fe61e838c,THEORY_VALIDATION_theory_validation,MIT
models/theory_validation/cold_trip__HEV_fuel_L/L_R_noise/seed_2.json,13336,eea0f3c2077b427756b20da882d7bfcc7a43c66fd01064ef0b00db194fdd2814,THEORY_VALIDATION_theory_validation,MIT
models/theory_validation/cold_trip__HEV_fuel_L/L_R_perm/seed_0.joblib,396202,aa69e38dae90e36ed9359e1f05b013e4050acec06fd4529634cf1613977c4310,THEORY_VALIDATION_theory_validation,MIT
models/theory_validation/cold_trip__HEV_fuel_L/L_R_perm/seed_0.json,13335,6bf223c8ad4305e61da407a9df85446d2d4b89da84bc08ab1a99764b2a9b92e0,THEORY_VALIDATION_theory_validation,MIT
models/theory_validation/cold_trip__HEV_fuel_L/L_R_perm/seed_1.joblib,396198,f472b0821ba4d24b51d29b4f605b907de4ff795441c3b56e5ca84c92e76585ee,THEORY_VALIDATION_theory_validation,MIT
models/theory_validation/cold_trip__HEV_fuel_L/L_R_perm/seed_1.json,13335,0f079bfd77af2d35c7e50421b7ff5914b6fb6c5901b8887ae774f3840f4812bf,THEORY_VALIDATION_theory_validation,MIT
models/theory_validation/cold_trip__HEV_fuel_L/L_R_perm/seed_2.joblib,396201,f4a46302a8a091e33ffc567926ede838d3e75515b226437add6593a5d945ea6f,THEORY_VALIDATION_theory_validation,MIT
models/theory_validation/cold_trip__HEV_fuel_L/L_R_perm/seed_2.json,13335,ea660c42109fa9e6353b5d94037b17d332ddd1c35db2961c98e94a47045f7bd2,THEORY_VALIDATION_theory_validation,MIT
models/theory_validation/cold_trip__HEV_fuel_L/L_R_real/seed_0.joblib,412235,240cbc5c4f3c1894bf1c9aaa4e117dd588c01064b09bb4bee455aebc1b62a531,THEORY_VALIDATION_theory_validation,MIT
models/theory_validation/cold_trip__HEV_fuel_L/L_R_real/seed_0.json,13335,4e3b534bf2670cf59bc965fb02f79be58230be0e437131fe4128ed695ec06fb7,THEORY_VALIDATION_theory_validation,MIT
models/theory_validation/cold_trip__HEV_fuel_L/L_R_real/seed_1.joblib,412234,7d2000cdba96ac5eb2a738bb8704a5fb0cbf283169329d6f4f6e65ca35cec6b2,THEORY_VALIDATION_theory_validation,MIT
models/theory_validation/cold_trip__HEV_fuel_L/L_R_real/seed_1.json,13335,920509f1f7f545bbb4c45fcea524669db85d1fc85f364534b8f82d03393fe5ce,THEORY_VALIDATION_theory_validation,MIT
models/theory_validation/cold_trip__HEV_fuel_L/L_R_real/seed_2.joblib,412239,25be5e8cf8b86756fbf746587dc8cd3563f991664f959a1bf11d4d793ee5ff4b,THEORY_VALIDATION_theory_validation,MIT
models/theory_validation/cold_trip__HEV_fuel_L/L_R_real/seed_2.json,13334,025c5f09c354f42d3c833305e19201fdba69e6cf27af38b8f2334f3d5cc995a7,THEORY_VALIDATION_theory_validation,MIT
models/theory_validation/cold_trip__ICE_fuel_L/H_R0/seed_0.joblib,334930,2093313c08b1ee84b54ff18617d723f2d0a7cef49f4ae9f1a8279c49828160f3,THEORY_VALIDATION_theory_validation,MIT
models/theory_validation/cold_trip__ICE_fuel_L/H_R0/seed_0.json,2309,497ede1c2ddd44d629bf9885308b44e34aac8f2e62418ba91eecadde05aee89e,THEORY_VALIDATION_theory_validation,MIT
models/theory_validation/cold_trip__ICE_fuel_L/H_R0/seed_1.joblib,334937,081c6603585f5c45cf7018901a825d0b7243673c5ee7f9a831e4416eeb2ad51b,THEORY_VALIDATION_theory_validation,MIT
models/theory_validation/cold_trip__ICE_fuel_L/H_R0/seed_1.json,2309,6377c0f7c0e02820e7805137f6a4d682c5b39e0ebab53fd25b65871de70343bf,THEORY_VALIDATION_theory_validation,MIT
models/theory_validation/cold_trip__ICE_fuel_L/H_R0/seed_2.joblib,334939,bff108cbe47471bbf13edf7ad7c63ce84b4038d038ecad8e29aba0a3aaa050ba,THEORY_VALIDATION_theory_validation,MIT
models/theory_validation/cold_trip__ICE_fuel_L/H_R0/seed_2.json,2309,52d8804ec456f6b83fe2a9722a6299dacd1bb8d9f4860e6e5c22014811c368ef,THEORY_VALIDATION_theory_validation,MIT
models/theory_validation/cold_trip__ICE_fuel_L/H_R_noise/seed_0.joblib,576488,47bb9bf400ecdb3318f580e1d5081dc54fea6dd81d0bda940e3d15fb24136847,THEORY_VALIDATION_theory_validation,MIT
models/theory_validation/cold_trip__ICE_fuel_L/H_R_noise/seed_0.json,14159,ac110553960acacd79a03368e11c240f868ffda1649f4ce4bae639684f3be396,THEORY_VALIDATION_theory_validation,MIT
models/theory_validation/cold_trip__ICE_fuel_L/H_R_noise/seed_1.joblib,576500,4530f72566001a0663ffd0e4ac45f3f90677019591617e17fe19c3560d8027a2,THEORY_VALIDATION_theory_validation,MIT
models/theory_validation/cold_trip__ICE_fuel_L/H_R_noise/seed_1.json,14161,c2d9b11f479cbf1eb94fe623d254ffc84896ccccdfff06bcd3b68ebf93d84fcc,THEORY_VALIDATION_theory_validation,MIT
models/theory_validation/cold_trip__ICE_fuel_L/H_R_noise/seed_2.joblib,576498,1bace185a9a5ba833e75dda0509557783733f8ed5780c816de22940c331c44a6,THEORY_VALIDATION_theory_validation,MIT
models/theory_validation/cold_trip__ICE_fuel_L/H_R_noise/seed_2.json,14161,91d80f5640dadd6e289e2ab3e890a15521a8875f241e33ec0f2ff5448d4d7e82,THEORY_VALIDATION_theory_validation,MIT
models/theory_validation/cold_trip__ICE_fuel_L/H_R_perm/seed_0.joblib,413035,5056d5f93940a0e3547a662355b35e16e0c029a7db51ec5f703eac1c02d3a476,THEORY_VALIDATION_theory_validation,MIT
models/theory_validation/cold_trip__ICE_fuel_L/H_R_perm/seed_0.json,14160,e8d032fab532446f37977b1e0f1bcb389ec81b4f4d2e6c40796bf03ced51e0a0,THEORY_VALIDATION_theory_validation,MIT
models/theory_validation/cold_trip__ICE_fuel_L/H_R_perm/seed_1.joblib,413042,ed5b21999cf92d9d7df86ad6b427b524ad6152bdf328e54ff85a8f6a207449bf,THEORY_VALIDATION_theory_validation,MIT
models/theory_validation/cold_trip__ICE_fuel_L/H_R_perm/seed_1.json,14160,6f2ac225a68fd9536a690d8c14637e064c394505d26f533e506c29372b4e0e2d,THEORY_VALIDATION_theory_validation,MIT
models/theory_validation/cold_trip__ICE_fuel_L/H_R_perm/seed_2.joblib,413043,8c9f775f2ff5004412b372f9729d809dea30ec4afaa39232459b5ba0c398447c,THEORY_VALIDATION_theory_validation,MIT
models/theory_validation/cold_trip__ICE_fuel_L/H_R_perm/seed_2.json,14160,df5a091cb6c5bf143013bd2d23aca84b75d1ea32584590511c0bd101b0552b48,THEORY_VALIDATION_theory_validation,MIT
models/theory_validation/cold_trip__ICE_fuel_L/H_R_real/seed_0.joblib,422984,7412fc088fdf7eb432ab24bde574fabe3ef4cc25279f2df1294e494eebcafe20,THEORY_VALIDATION_theory_validation,MIT
models/theory_validation/cold_trip__ICE_fuel_L/H_R_real/seed_0.json,14160,eb817bbd673c8d4af49d2a169e556712bc78e5b6fafa0736d951e69d6d5b164c,THEORY_VALIDATION_theory_validation,MIT
models/theory_validation/cold_trip__ICE_fuel_L/H_R_real/seed_1.joblib,422992,99ae5f59ddc44ca474ba33127a7e5e1485c8480867aa6143e3494917ab0e751d,THEORY_VALIDATION_theory_validation,MIT
models/theory_validation/cold_trip__ICE_fuel_L/H_R_real/seed_1.json,14159,bb231372ccbc653241ba885413db9c1d0844882c970222d7867cc5c855e56896,THEORY_VALIDATION_theory_validation,MIT
models/theory_validation/cold_trip__ICE_fuel_L/H_R_real/seed_2.joblib,422994,74fe34676bf0fff62d293693a49b74b11464de123449ff1f87cd8b812b066ff4,THEORY_VALIDATION_theory_validation,MIT
models/theory_validation/cold_trip__ICE_fuel_L/H_R_real/seed_2.json,14160,2a6f39b7ba1a56d0c27be6c76874afdb4c33d26866f0929d9b8b01eff5b27894,THEORY_VALIDATION_theory_validation,MIT
models/theory_validation/cold_trip__ICE_fuel_L/L_R0/seed_0.joblib,303064,a8fea67c730f02160ba7fa27830b63eab89b1ed728b6b6e245c3877830ff2bc3,THEORY_VALIDATION_theory_validation,MIT
models/theory_validation/cold_trip__ICE_fuel_L/L_R0/seed_0.json,1566,a9c5ac55e1b61ab6c3cb7ca068340831d2381f3b0e7f8ade5bc4b4b98e09ae24,THEORY_VALIDATION_theory_validation,MIT
models/theory_validation/cold_trip__ICE_fuel_L/L_R0/seed_1.joblib,303067,b3ee97d4df46ed2bfbdac15f595afc83aaa3ebd05f211bdac56dd78249d0761c,THEORY_VALIDATION_theory_validation,MIT
models/theory_validation/cold_trip__ICE_fuel_L/L_R0/seed_1.json,1566,7d47242e8e2c71ec7b430ed1c905387167b0d4f134932460d446c33ac210849b,THEORY_VALIDATION_theory_validation,MIT
models/theory_validation/cold_trip__ICE_fuel_L/L_R0/seed_2.joblib,303071,431689dccf367a7f299a0528bdf3ab5ba08530cd14f533c83d0b8ba5bb1a1d48,THEORY_VALIDATION_theory_validation,MIT
models/theory_validation/cold_trip__ICE_fuel_L/L_R0/seed_2.json,1566,7025dacfeaea317564cf7d379ad203858060ebef622e4bf8aa5c4ab5a7955ccc,THEORY_VALIDATION_theory_validation,MIT
models/theory_validation/cold_trip__ICE_fuel_L/L_R_noise/seed_0.joblib,562778,172c728a7452f9c276b13af6c0deb977bc74767916c06fd857410b20133098f3,THEORY_VALIDATION_theory_validation,MIT
models/theory_validation/cold_trip__ICE_fuel_L/L_R_noise/seed_0.json,13417,77c6fa5ef833424971516c2d67b509381b99111982ba6a879ff9405461147f4f,THEORY_VALIDATION_theory_validation,MIT
models/theory_validation/cold_trip__ICE_fuel_L/L_R_noise/seed_1.joblib,562788,6cbbff4582fed1dd14ad8342517e46d66dc479ac1bd9b436f553ae1bbbb95c9e,THEORY_VALIDATION_theory_validation,MIT
models/theory_validation/cold_trip__ICE_fuel_L/L_R_noise/seed_1.json,13418,88e917d20a3189a823cf56578987aad588f4dc1242c4cfa1d8751e01c9f29cf0,THEORY_VALIDATION_theory_validation,MIT
models/theory_validation/cold_trip__ICE_fuel_L/L_R_noise/seed_2.joblib,562789,e911c9ab85ecbca700e81b09793186a9bc362e106185866eabb1433aedbf4d7b,THEORY_VALIDATION_theory_validation,MIT
models/theory_validation/cold_trip__ICE_fuel_L/L_R_noise/seed_2.json,13419,e3c0a4a270e3e6866632a6c01df6ab28fdcd25909ec6f741dab316129559af40,THEORY_VALIDATION_theory_validation,MIT
models/theory_validation/cold_trip__ICE_fuel_L/L_R_perm/seed_0.joblib,391527,9473f8efc658277d2e930d6460ed81d817cb229c18fe20350ddf67403be5aad1,THEORY_VALIDATION_theory_validation,MIT
models/theory_validation/cold_trip__ICE_fuel_L/L_R_perm/seed_0.json,13418,696b5aaad03adbb3181d8807e52f6614be9def9ab5caaf228c9556bd15166dc3,THEORY_VALIDATION_theory_validation,MIT
models/theory_validation/cold_trip__ICE_fuel_L/L_R_perm/seed_1.joblib,391538,6c77dd60d8b77d43f904429321e2632d1f2ffe4f402c676d15ad8b006d5222ad,THEORY_VALIDATION_theory_validation,MIT
models/theory_validation/cold_trip__ICE_fuel_L/L_R_perm/seed_1.json,13418,443438152125dd67131d760dc160fd116fe2cb34bc97e045594e40383cac2139,THEORY_VALIDATION_theory_validation,MIT
models/theory_validation/cold_trip__ICE_fuel_L/L_R_perm/seed_2.joblib,391535,54d1dfc1e3ef9f83b551ae84c633d74921ed8c01db56411a706a42a78b2df01b,THEORY_VALIDATION_theory_validation,MIT
models/theory_validation/cold_trip__ICE_fuel_L/L_R_perm/seed_2.json,13417,8ea1291a6df785b726570a85f0d05f661955c69cd30ed6a6b0d07a11c38be1cc,THEORY_VALIDATION_theory_validation,MIT
models/theory_validation/cold_trip__ICE_fuel_L/L_R_real/seed_0.joblib,409191,d07f94824daa4956222a87cb4d69ba2a61e6467ac46e1f6ef2f66fa0d4e3d0e8,THEORY_VALIDATION_theory_validation,MIT
models/theory_validation/cold_trip__ICE_fuel_L/L_R_real/seed_0.json,13418,1e9dd96682c1dd785df9a176ac6692796573f6b8492ab28a9e21904c04299e73,THEORY_VALIDATION_theory_validation,MIT
models/theory_validation/cold_trip__ICE_fuel_L/L_R_real/seed_1.joblib,409193,658047ce7dde9dd5b26d144f016e14d80dc768740b232f979f0b9644931ee7b3,THEORY_VALIDATION_theory_validation,MIT
models/theory_validation/cold_trip__ICE_fuel_L/L_R_real/seed_1.json,13417,614dd317a8caca261d5b70afb4c5e0b2e67e90f2a4087775b37e858acf8f7d2e,THEORY_VALIDATION_theory_validation,MIT
models/theory_validation/cold_trip__ICE_fuel_L/L_R_real/seed_2.joblib,409191,3c66d437e0646ba731e3c0be3ae00d948580ada9d163e6d4440cb53fc1bd3c5e,THEORY_VALIDATION_theory_validation,MIT
models/theory_validation/cold_trip__ICE_fuel_L/L_R_real/seed_2.json,13418,93d18fcee21f39057a0f1857da16c42eda93b104e488d23182c3419cfda71413,THEORY_VALIDATION_theory_validation,MIT
predictions/phase1/PHASE1_DECISION.json,2395,61477bb03b2839d30f10311dc42d431c5f654b5271a979147632b86d3479d743,Phase1_target_diagnostics,ODbL-1.0 + upstream notices
predictions/phase1/PHASE1_RPM_ONLY_RERUN_COMPARISON.md,4300,e9b2b47d8244c996bbc3856b02f541856f9982476f066659ff54cc5e1b4e28ba,Phase1_target_diagnostics,ODbL-1.0 + upstream notices
predictions/phase1/PHASE1_RPM_ONLY_RERUN_RESULTS.csv,76229,282db12f03345cd1f9336d4565589f50fe80bba8b727bc57e8b4b3c2f1a9f229,Phase1_target_diagnostics,ODbL-1.0 + upstream notices
predictions/phase1/PHASE1_TARGET_DIAGNOSTICS_REPORT.md,2776,69545c06aef1640b8478ebcb48a13b83474a9749159dc2e418f32d54dc0949c9,Phase1_target_diagnostics,ODbL-1.0 + upstream notices
predictions/phase1/PUBLIC_SCOPE_SUMMARY.csv,1533,ce78beadc0d8f9e4647a57bf67943f82bdf97f41c6cbc9da4bc3d352b4cdd911,Phase1_target_diagnostics,ODbL-1.0 + upstream notices
predictions/phase1/REPRODUCIBILITY_SCOPE_NOTE.md,885,4dffc5ab5cac6cabf6e42e1758593b6193e57626d7220ba324c730aa91d90845,Phase1_target_diagnostics,ODbL-1.0 + upstream notices
predictions/phase1/rpm_only_active_feature_masks.json,25570,0029343488831a78a86096746d4185e96d05b89fb0606358b0ce71fccbab3af7,Phase1_target_diagnostics,ODbL-1.0 + upstream notices
predictions/phase1/rpm_only_bootstrap_diagnostics.json,4072,f47e56cfd27e60472a7aec460f397414ea953ac45d4a0539502f6ba437efa76a,Phase1_target_diagnostics,ODbL-1.0 + upstream notices
predictions/phase1/rpm_only_bootstrap_draws.parquet,13377354,447b0888d4d3e54a9b1a2062efd9caa630e245c24bf0d87ac110566cc1c29af7,Phase1_target_diagnostics,ODbL-1.0 + upstream notices
predictions/phase1/rpm_only_effects.csv,215790,0d78c9f52e0afe451c97d624a4061a8c484f8b2c1c8c62a7a45e7b568e1d427f,Phase1_target_diagnostics,ODbL-1.0 + upstream notices
predictions/phase1/rpm_only_fit_manifest.json,1346031,0bb92fc7b66a4c15bb8eb91e5bc1d471a7851d60242d2beffe27e195a7460225,Phase1_target_diagnostics,ODbL-1.0 + upstream notices
predictions/phase1/rpm_only_model_comparison.csv,1682,d52621516cadca5912e7ca35dc01b0b3c8f7ac187c77d6685c9323291f268e2b,Phase1_target_diagnostics,ODbL-1.0 + upstream notices
predictions/phase1/rpm_only_null_distribution_summary.csv,4426,f993dcde2d2846893bed0bdba07eb9ba597d68c70c845930622271f46ed742e1,Phase1_target_diagnostics,ODbL-1.0 + upstream notices
predictions/phase1/rpm_only_original_comparison.csv,3878,206df5a859b6514b7cbe7ab174b0462ab1a4c527ccf2a15fd32c8ae12539decb,Phase1_target_diagnostics,ODbL-1.0 + upstream notices
predictions/phase1/rpm_only_test_predictions/cold_functional_road_class__ICE_fuel_L.json,324934,d7fe72ef0bb03e6ce25ba899d36f4813f54cab4bbbd9c19ca3016e02a78150cc,Phase1_target_diagnostics,ODbL-1.0 + upstream notices
predictions/phase1/rpm_only_test_predictions/cold_functional_road_class__ICE_fuel_L.parquet,4383474,d63a2899a7a8a03ee2a3e60ec193c9ae1a70eff670825defe1489dc1b9c2face,Phase1_target_diagnostics,ODbL-1.0 + upstream notices
predictions/phase1/rpm_only_test_predictions/cold_month__ICE_fuel_L.json,321517,3f1502abf784410efbd1a22b2f861014208222b010a6f0059a5a97475ccbe96c,Phase1_target_diagnostics,ODbL-1.0 + upstream notices
predictions/phase1/rpm_only_test_predictions/cold_month__ICE_fuel_L.parquet,3053508,7cf9178d40462ed455e50efd1d10cfa8306e84e3ce07d2f7c999b27f4e3da7fe,Phase1_target_diagnostics,ODbL-1.0 + upstream notices
predictions/phase1/rpm_only_test_predictions/cold_spatial__ICE_fuel_L.json,319747,79f635c66164963a5185f7a735e4a796d376e2d4073038675b5a5b4bac948cbf,Phase1_target_diagnostics,ODbL-1.0 + upstream notices
predictions/phase1/rpm_only_test_predictions/cold_spatial__ICE_fuel_L.parquet,5226840,46f983a1accf21516997cbd4843417e4fdbc7d34844e9f10d542227a21cd814d,Phase1_target_diagnostics,ODbL-1.0 + upstream notices
predictions/phase1/rpm_only_test_predictions/cold_trip__ICE_fuel_L.json,323495,c89d9adaec0676319e10f12f04ad6ff68e1d37219241ec2899c062173859743d,Phase1_target_diagnostics,ODbL-1.0 + upstream notices
predictions/phase1/rpm_only_test_predictions/cold_trip__ICE_fuel_L.parquet,8613439,5054b08b5cdc6594771d21bcdabb0f2ef89bacbd2c78d180b0b0db993c0d250e,Phase1_target_diagnostics,ODbL-1.0 + upstream notices
predictions/phase1/run_config.yaml,6468,b0cf8b8b0c6d5e5752ba72cdc7766914c29913842e590d5fcade73d86d6449ef,Phase1_target_diagnostics,ODbL-1.0 + upstream notices
predictions/phase1/runtime_versions.json,182,0e81465e57f7956a9eebd4bec0fa32fb6fa5fddb362d847918714c7c47e3fc90,Phase1_target_diagnostics,ODbL-1.0 + upstream notices
predictions/theory_validation/ensemble_test_predictions/cold_functional_road_class__HEV_fuel_L.parquet,550119,c18d06fa39b9b69bbccaa16ea9ff649567b4f4d130fa054eb791889bf5851a1a,THEORY_VALIDATION_theory_validation,ODbL-1.0 + upstream notices
predictions/theory_validation/ensemble_test_predictions/cold_functional_road_class__ICE_fuel_L.parquet,1053944,e183a183162df1c032149c3b54d5ef788be91f2f4931aa8639dd1a44d816dec6,THEORY_VALIDATION_theory_validation,ODbL-1.0 + upstream notices
predictions/theory_validation/ensemble_test_predictions/cold_month__HEV_fuel_L.parquet,648231,a2f46be99e7cefe10bef221569048d4f1bd734646e718648d36de194d4d828d3,THEORY_VALIDATION_theory_validation,ODbL-1.0 + upstream notices
predictions/theory_validation/ensemble_test_predictions/cold_month__ICE_fuel_L.parquet,752917,70cf410ce01d0b20adff6eb248de9e8eddca826dd5e2b105b077f75ef92ab5be,THEORY_VALIDATION_theory_validation,ODbL-1.0 + upstream notices
predictions/theory_validation/ensemble_test_predictions/cold_spatial__HEV_fuel_L.parquet,634039,61282ec28e325f50449eb99ea121ba2e6350cf75304455b53512927aa9a50659,THEORY_VALIDATION_theory_validation,ODbL-1.0 + upstream notices
predictions/theory_validation/ensemble_test_predictions/cold_spatial__ICE_fuel_L.parquet,1292411,0eea9c3011ec93c1672795227af37876d2f5a3f6556f482271d3fb80a1c777a2,THEORY_VALIDATION_theory_validation,ODbL-1.0 + upstream notices
predictions/theory_validation/ensemble_test_predictions/cold_trip__HEV_fuel_L.parquet,1109124,71623bd958023473a7ac53924c62ccf35e5e81456dce89180fec9bd619450994,THEORY_VALIDATION_theory_validation,ODbL-1.0 + upstream notices
predictions/theory_validation/ensemble_test_predictions/cold_trip__ICE_fuel_L.parquet,2079221,50f6b80d115626c427436edaae23503d47f2c9cbb9a8d74cab99ae7dcee99bda,THEORY_VALIDATION_theory_validation,ODbL-1.0 + upstream notices
predictions/theory_validation/metadata/THEORY_VALIDATION_REPORT.md,3820,792aa97ecf23eb8ba173fbe9beb3f0baec4c0044965dd332b419ccb5cdd6022e,THEORY_VALIDATION_theory_validation,ODbL-1.0 + upstream notices
predictions/theory_validation/metadata/active_feature_masks.json,127121,a9f8fa48aeed952bc0e9f35e783df2a28809773b77290148ad0c35dc4c4f4e7f,THEORY_VALIDATION_theory_validation,ODbL-1.0 + upstream notices
predictions/theory_validation/metadata/bootstrap_diagnostics.json,1165,c3a7fc637df2196a7d640972817d507e49c5718010fd60bc109594ebf9923051,THEORY_VALIDATION_theory_validation,ODbL-1.0 + upstream notices
predictions/theory_validation/metadata/bootstrap_results.csv,11686914,a29a730bf61da24b3538d8e0f79df0ad175fa3e457d3a6a238600ab7a4c72a88,THEORY_VALIDATION_theory_validation,ODbL-1.0 + upstream notices
predictions/theory_validation/metadata/contract_checks.csv,947,0e227fcd89f6aec74c600f92cdb5eb6ad9741189a93ca21e1d561373f4ea68e3,THEORY_VALIDATION_theory_validation,ODbL-1.0 + upstream notices
predictions/theory_validation/metadata/effects.csv,16932,0816d4f017c8254e7151f10353d9d3ca8ee24e7a1f8739e3b42a0813b91acb81,THEORY_VALIDATION_theory_validation,ODbL-1.0 + upstream notices
predictions/theory_validation/metadata/feature_manifest.json,246275,0d8afc73275125f7c63ee0d81a4fa1054a133aa53649954144a31e6fe23786c4,THEORY_VALIDATION_theory_validation,ODbL-1.0 + upstream notices
predictions/theory_validation/metadata/final_decision.json,5565,77b5a7d5f32095a6e9531748d986a160e887109825e1b129471b63fd473593c6,THEORY_VALIDATION_theory_validation,ODbL-1.0 + upstream notices
predictions/theory_validation/metadata/release_summary.json,9079,e378e6cbcf14879e7eb6f5b4ba6cda1b7de0dc20fc2b81741541e2e23fdbe29f,THEORY_VALIDATION_theory_validation,ODbL-1.0 + upstream notices
predictions/theory_validation/metadata/theory_validation_summary.json,8798,43af72daf22b5944b234f4296f53dac9fa2e5e1fcc09ff70fa1887d9127bf12e,THEORY_VALIDATION_theory_validation,ODbL-1.0 + upstream notices
predictions/theory_validation/null_controls/cold_functional_road_class__HEV_fuel_L.parquet,82635680,7f4f58ff1779dc2384f60386f91d0aae596996d6d856d6d397c6708ff6eb3283,THEORY_VALIDATION_theory_validation,ODbL-1.0 + upstream notices
predictions/theory_validation/null_controls/cold_functional_road_class__ICE_fuel_L.parquet,143989219,8e8827210a30413b074c03470a7498d6a66cd120ccb3a65d8521147f17f0341d,THEORY_VALIDATION_theory_validation,ODbL-1.0 + upstream notices
predictions/theory_validation/null_controls/cold_month__HEV_fuel_L.parquet,85361525,8510b80029e6b7bee34ea3b3adb9779e6d5d4ba9a493e2b8cfb211c6bf8c47f2,THEORY_VALIDATION_theory_validation,ODbL-1.0 + upstream notices
predictions/theory_validation/null_controls/cold_month__ICE_fuel_L.parquet,157989458,43a6e3bb3f58fef7935cdaca3c24203c6755159f92c67db3fae31955d9da86c4,THEORY_VALIDATION_theory_validation,ODbL-1.0 + upstream notices
predictions/theory_validation/null_controls/cold_spatial__HEV_fuel_L.parquet,51988736,3edb45942ac46a718dfd82b588bdf3f08fc1755fca760c66da999f2ea73a62cb,THEORY_VALIDATION_theory_validation,ODbL-1.0 + upstream notices
predictions/theory_validation/null_controls/cold_spatial__ICE_fuel_L.parquet,92059002,602a415176a79769a38e71a9df0546c13778c4a0d990d6c227ea2792ff749663,THEORY_VALIDATION_theory_validation,ODbL-1.0 + upstream notices
predictions/theory_validation/null_controls/cold_trip__HEV_fuel_L.parquet,87382122,6661f2e8e62f6a8d764af7685f0891802ddd91757adfc14c8a6390c667f4e408,THEORY_VALIDATION_theory_validation,ODbL-1.0 + upstream notices
predictions/theory_validation/null_controls/cold_trip__ICE_fuel_L.parquet,160191645,e714381cce619867750ee83822b4353a00517c4c11eaaaa0fddd86ac7f28e4b0,THEORY_VALIDATION_theory_validation,ODbL-1.0 + upstream notices
predictions/theory_validation/null_controls/mappings/cold_functional_road_class__HEV_fuel_L.parquet,3625355,4c294058f7361fcdcde92dc520f54d272db0e2b25fd4f514426337b067011283,THEORY_VALIDATION_theory_validation,ODbL-1.0 + upstream notices
predictions/theory_validation/null_controls/mappings/cold_functional_road_class__ICE_fuel_L.parquet,6242067,835d8dc96d68b96af8291c42265785359948e6211fcb366c2aefdd8ca3f46c4f,THEORY_VALIDATION_theory_validation,ODbL-1.0 + upstream notices
predictions/theory_validation/null_controls/mappings/cold_month__HEV_fuel_L.parquet,3742145,f3048cf1071e874bf79fd88bc7353e9975c753141de623096ce8e33f9cc31013,THEORY_VALIDATION_theory_validation,ODbL-1.0 + upstream notices
predictions/theory_validation/null_controls/mappings/cold_month__ICE_fuel_L.parquet,6896238,4e5e8f13eecbe383305a2dae3a1c660478e866d29dd6cfc09418a9ce8e60754f,THEORY_VALIDATION_theory_validation,ODbL-1.0 + upstream notices
predictions/theory_validation/null_controls/mappings/cold_spatial__HEV_fuel_L.parquet,2320216,7692178c519d636c7c260cddc4c12b1906a43f60422a6a679e8250f0e1d79318,THEORY_VALIDATION_theory_validation,ODbL-1.0 + upstream notices
predictions/theory_validation/null_controls/mappings/cold_spatial__ICE_fuel_L.parquet,4086166,09415d0a36dbea2f37008fa590f1218edc26645965755167519fbf55cc235f3a,THEORY_VALIDATION_theory_validation,ODbL-1.0 + upstream notices
predictions/theory_validation/null_controls/mappings/cold_trip__HEV_fuel_L.parquet,3827712,dfd466ecfb7bcfea3c8db78479af00d67a7065d87b2d6077c52b8c43faf759a3,THEORY_VALIDATION_theory_validation,ODbL-1.0 + upstream notices
predictions/theory_validation/null_controls/mappings/cold_trip__ICE_fuel_L.parquet,6988666,d4f4cc373721d6898c88ceb9115ac68421ea9676467a53be83dd00e2ad0972a7,THEORY_VALIDATION_theory_validation,ODbL-1.0 + upstream notices
predictions/theory_validation/null_controls/metadata/cold_functional_road_class__HEV_fuel_L.json,45537,ea69bac11288ac08448c6ff4d7b5802e8338fceb1fd5fdc51d716ad3f71c333d,THEORY_VALIDATION_theory_validation,ODbL-1.0 + upstream notices
predictions/theory_validation/null_controls/metadata/cold_functional_road_class__ICE_fuel_L.json,45711,9d13b07f7f15136e31bff9a7bf992013f71e7930327f31fe3424d7c94049910a,THEORY_VALIDATION_theory_validation,ODbL-1.0 + upstream notices
predictions/theory_validation/null_controls/metadata/cold_month__HEV_fuel_L.json,45663,e0feac1856ce6a39227e29a7dc1de49b6f9d96d6703ab5adf1b915061e067444,THEORY_VALIDATION_theory_validation,ODbL-1.0 + upstream notices
predictions/theory_validation/null_controls/metadata/cold_month__ICE_fuel_L.json,45679,ef15d7272721e46bf249a17305fa268d7ca50560001f1ec6e4ac6b3f99e8a377,THEORY_VALIDATION_theory_validation,ODbL-1.0 + upstream notices
predictions/theory_validation/null_controls/metadata/cold_spatial__HEV_fuel_L.json,45682,af345fb5f47d9a6b6d678768e393055456742d739fc481141c91f58bcfb3c209,THEORY_VALIDATION_theory_validation,ODbL-1.0 + upstream notices
predictions/theory_validation/null_controls/metadata/cold_spatial__ICE_fuel_L.json,45616,2eb350d562bb2fc2fe23d945d2a151dbed591c384649d268d75753c0862c5fd8,THEORY_VALIDATION_theory_validation,ODbL-1.0 + upstream notices
predictions/theory_validation/null_controls/metadata/cold_trip__HEV_fuel_L.json,45610,c82a1ecab186ae168db110d6cc9829c522d19c5f3e9dee9ba7c6952f51be868e,THEORY_VALIDATION_theory_validation,ODbL-1.0 + upstream notices
predictions/theory_validation/null_controls/metadata/cold_trip__ICE_fuel_L.json,45771,9fc91da8c585201a459fe94aed6119569c2bd8bd0af20bbc3a4a993c3977b7ae,THEORY_VALIDATION_theory_validation,ODbL-1.0 + upstream notices
predictions/theory_validation/paired_test_predictions/cold_functional_road_class__HEV_fuel_L/seed_0.parquet,533647,36449fd398c456bb68822756fc9b75a05a88c6e5945e67b38c3338283174491d,THEORY_VALIDATION_theory_validation,ODbL-1.0 + upstream notices
predictions/theory_validation/paired_test_predictions/cold_functional_road_class__HEV_fuel_L/seed_1.parquet,533647,36449fd398c456bb68822756fc9b75a05a88c6e5945e67b38c3338283174491d,THEORY_VALIDATION_theory_validation,ODbL-1.0 + upstream notices
predictions/theory_validation/paired_test_predictions/cold_functional_road_class__HEV_fuel_L/seed_2.parquet,533647,36449fd398c456bb68822756fc9b75a05a88c6e5945e67b38c3338283174491d,THEORY_VALIDATION_theory_validation,ODbL-1.0 + upstream notices
predictions/theory_validation/paired_test_predictions/cold_functional_road_class__ICE_fuel_L/seed_0.parquet,1031083,2e3e870ca4611de47fbde78c223c9b696f5e5ce9ef9d3d61fc00bd444195aa81,THEORY_VALIDATION_theory_validation,ODbL-1.0 + upstream notices
predictions/theory_validation/paired_test_predictions/cold_functional_road_class__ICE_fuel_L/seed_1.parquet,1031083,2e3e870ca4611de47fbde78c223c9b696f5e5ce9ef9d3d61fc00bd444195aa81,THEORY_VALIDATION_theory_validation,ODbL-1.0 + upstream notices
predictions/theory_validation/paired_test_predictions/cold_functional_road_class__ICE_fuel_L/seed_2.parquet,1031083,2e3e870ca4611de47fbde78c223c9b696f5e5ce9ef9d3d61fc00bd444195aa81,THEORY_VALIDATION_theory_validation,ODbL-1.0 + upstream notices
predictions/theory_validation/paired_test_predictions/cold_month__HEV_fuel_L/seed_0.parquet,630245,36f244a9deab4584ae09edffd42c839c151e1593b03a7035af767549d96d5d23,THEORY_VALIDATION_theory_validation,ODbL-1.0 + upstream notices
predictions/theory_validation/paired_test_predictions/cold_month__HEV_fuel_L/seed_1.parquet,630245,36f244a9deab4584ae09edffd42c839c151e1593b03a7035af767549d96d5d23,THEORY_VALIDATION_theory_validation,ODbL-1.0 + upstream notices
predictions/theory_validation/paired_test_predictions/cold_month__HEV_fuel_L/seed_2.parquet,630245,36f244a9deab4584ae09edffd42c839c151e1593b03a7035af767549d96d5d23,THEORY_VALIDATION_theory_validation,ODbL-1.0 + upstream notices
predictions/theory_validation/paired_test_predictions/cold_month__ICE_fuel_L/seed_0.parquet,733742,a59e85ba0bea1bdee7083cbffbd2bcdb1db05092a0a3926df59b3a8318dfa7a2,THEORY_VALIDATION_theory_validation,ODbL-1.0 + upstream notices
predictions/theory_validation/paired_test_predictions/cold_month__ICE_fuel_L/seed_1.parquet,733742,a59e85ba0bea1bdee7083cbffbd2bcdb1db05092a0a3926df59b3a8318dfa7a2,THEORY_VALIDATION_theory_validation,ODbL-1.0 + upstream notices
predictions/theory_validation/paired_test_predictions/cold_month__ICE_fuel_L/seed_2.parquet,733742,a59e85ba0bea1bdee7083cbffbd2bcdb1db05092a0a3926df59b3a8318dfa7a2,THEORY_VALIDATION_theory_validation,ODbL-1.0 + upstream notices
predictions/theory_validation/paired_test_predictions/cold_spatial__HEV_fuel_L/seed_0.parquet,616138,8d1d64fd5da46fff7a3147bc126483de2c60f620ccce3498046007ed7489f497,THEORY_VALIDATION_theory_validation,ODbL-1.0 + upstream notices
predictions/theory_validation/paired_test_predictions/cold_spatial__HEV_fuel_L/seed_1.parquet,616138,8d1d64fd5da46fff7a3147bc126483de2c60f620ccce3498046007ed7489f497,THEORY_VALIDATION_theory_validation,ODbL-1.0 + upstream notices
predictions/theory_validation/paired_test_predictions/cold_spatial__HEV_fuel_L/seed_2.parquet,616138,8d1d64fd5da46fff7a3147bc126483de2c60f620ccce3498046007ed7489f497,THEORY_VALIDATION_theory_validation,ODbL-1.0 + upstream notices
predictions/theory_validation/paired_test_predictions/cold_spatial__ICE_fuel_L/seed_0.parquet,1266513,5ec884ea6c54ceabae96ba9982890a28ebaaacc7fdf86919c62d98e8518098aa,THEORY_VALIDATION_theory_validation,ODbL-1.0 + upstream notices
predictions/theory_validation/paired_test_predictions/cold_spatial__ICE_fuel_L/seed_1.parquet,1266513,5ec884ea6c54ceabae96ba9982890a28ebaaacc7fdf86919c62d98e8518098aa,THEORY_VALIDATION_theory_validation,ODbL-1.0 + upstream notices
predictions/theory_validation/paired_test_predictions/cold_spatial__ICE_fuel_L/seed_2.parquet,1266513,5ec884ea6c54ceabae96ba9982890a28ebaaacc7fdf86919c62d98e8518098aa,THEORY_VALIDATION_theory_validation,ODbL-1.0 + upstream notices
predictions/theory_validation/paired_test_predictions/cold_trip__HEV_fuel_L/seed_0.parquet,1084274,1d87209333b52cd32d5aa8a67a88c3c4826b462dac1b8264a222230dca6c1fc9,THEORY_VALIDATION_theory_validation,ODbL-1.0 + upstream notices
predictions/theory_validation/paired_test_predictions/cold_trip__HEV_fuel_L/seed_1.parquet,1084274,1d87209333b52cd32d5aa8a67a88c3c4826b462dac1b8264a222230dca6c1fc9,THEORY_VALIDATION_theory_validation,ODbL-1.0 + upstream notices
predictions/theory_validation/paired_test_predictions/cold_trip__HEV_fuel_L/seed_2.parquet,1084274,1d87209333b52cd32d5aa8a67a88c3c4826b462dac1b8264a222230dca6c1fc9,THEORY_VALIDATION_theory_validation,ODbL-1.0 + upstream notices
predictions/theory_validation/paired_test_predictions/cold_trip__ICE_fuel_L/seed_0.parquet,2038979,27a90d66e8dad868bd4d7562948b5278001d0c750c4716a88f2d8688006d983c,THEORY_VALIDATION_theory_validation,ODbL-1.0 + upstream notices
predictions/theory_validation/paired_test_predictions/cold_trip__ICE_fuel_L/seed_1.parquet,2038979,27a90d66e8dad868bd4d7562948b5278001d0c750c4716a88f2d8688006d983c,THEORY_VALIDATION_theory_validation,ODbL-1.0 + upstream notices
predictions/theory_validation/paired_test_predictions/cold_trip__ICE_fuel_L/seed_2.parquet,2038979,27a90d66e8dad868bd4d7562948b5278001d0c750c4716a88f2d8688006d983c,THEORY_VALIDATION_theory_validation,ODbL-1.0 + upstream notices
results/correspondence_control_draws.csv,35861,0ae785838d98ce4cba0e5c6d040489c473c0d6c968b642b28272c4162f9f90b2,workflow_or_documentation,ODbL-1.0 + upstream notices
results/correspondence_controls.csv,2530,02a2ffb218de3b6b034ab15cd8ee36a249d4d26d102482e4c0396b49703227d9,workflow_or_documentation,ODbL-1.0 + upstream notices
results/map_matching_summary.csv,416,fd8e2242b1ade4c02c8a4f947884264291cf9d3b2d8e3726f00a54b991d5717d,workflow_or_documentation,ODbL-1.0 + upstream notices
results/model_sensitivity.csv,2542,d7926916ee02e85af9658fc17be9450cea0d95e4f6bf7da61209ebef12c8a528,workflow_or_documentation,ODbL-1.0 + upstream notices
results/primary_effects.csv,1467,12c9668521089436dc899351195414087497c7dfe1ced8e101978e7e0d314b5e,workflow_or_documentation,ODbL-1.0 + upstream notices
results/road_attribute_overlap.csv,740,b0e54db22e98108e4b7fd8f13bab30b483e1d9702b9c0f641c69ec1058382a1d,workflow_or_documentation,ODbL-1.0 + upstream notices
results/rpm_diagnostic.csv,501,e9f753ea267e22d14be9b16a60b5f3b6b234ae6450fa3284699ec1b499dd210f,workflow_or_documentation,ODbL-1.0 + upstream notices
results/study_population.csv,474,35cffd41f6b4be1a64fa221b91e8e19e29a8ef7bd3064da377ed45b019aaa7d9,workflow_or_documentation,ODbL-1.0 + upstream notices
src/rnee_build/00_preflight.py,29210,b55d36a2782a156a04f2441154540c765f7e25bcfdbaf1a90fe3082a281d6396,workflow_or_documentation,MIT
src/rnee_build/01_index_raw.py,19558,1d8092887878d5caa6ca97e8274f0fce2544d020169d5ca31b459a624d3cb69e,workflow_or_documentation,MIT
src/rnee_build/02_audit_energy_target.py,60579,dbd9a43847856a7020b00d9b0bf3a9ca37dcc33ed30f411132811282c5989504,workflow_or_documentation,MIT
src/rnee_build/03_prepare_osm_snapshot.py,27285,84348df836a2544cf244b6f7cbb856d653490dd264a444b6aaaba28054da3eda,workflow_or_documentation,MIT
src/rnee_build/04_build_network.py,22858,774438ac03b92ae7294fcbcfac3c9a228c76069d4353c9742877feacd53d38bb,workflow_or_documentation,MIT
src/rnee_build/06_map_match_trips.py,41613,b7cd3fee12d320275db4cafc4ec9161db4f3f3a64121f22b2b72bb0a66f93839,workflow_or_documentation,MIT
src/rnee_build/07_summarize_map_match_qa.py,11422,db3229dbda8a9c94fc29350a319219b38770cf522f7c59995da663e979fb5ae6,workflow_or_documentation,MIT
src/rnee_build/08_build_map_match_manual_qa.py,19952,a5c67eb4dea87626e04788b0e110fa7c2f9b6a7e4e0751fa933d21458990518e,workflow_or_documentation,MIT
src/rnee_build/09_analyze_quality_check_remediation.py,9783,18859d7e0a890e8aaab554b79f423dd0b8577937c0b358b541cf296035752c32,workflow_or_documentation,MIT
src/rnee_build/10_extract_edge_semantics.py,13079,eea9e86678e9aa74c95ba27d93d5996ee7f399fb0a8f15a92557314eba09c77d,workflow_or_documentation,MIT
src/rnee_build/11_parse_osm_tags.py,5378,a7eb8fd73744a6fbccf1aafedd53c50620b1cffdbaec3de710b013ef05bb9dee,workflow_or_documentation,MIT
src/rnee_build/12_build_context_semantics.py,29231,e0ba49589fc9f2e601561e69613d63582979d792c91574e1cc2f1e67b34a9355,workflow_or_documentation,MIT
src/rnee_build/13_assemble_rows.py,20959,e793ea8ff2eb7fcdb77ba6a64ce726641d9e1120d80077edf14c75d6570006d5,workflow_or_documentation,MIT
src/rnee_build/14_finalize_end_to_end_manual_quality_check.py,5206,a33175aec343319b2ddc6ec6786fddbcede0d504cc5d9b258aa03abf8f72e643,workflow_or_documentation,MIT
src/rnee_build/15_finalize_end_to_end_gate.py,8036,1f08031ce7396c1ab5403a4543cfcb5f0b57c4d17433d982196f3ba6fcf9dc61,workflow_or_documentation,MIT
src/rnee_build/16_build_context_semantics_chunked.py,17458,261984e59b763dc459277335dc91e5b5f969c32afc68f164e8cf361bee620b2e,workflow_or_documentation,MIT
src/rnee_build/17_profile_chunked_context.py,10437,85e71055adf087f5ea0efc2fbca15a358fe0ca6de99ebc17b31e6127b37304e1,workflow_or_documentation,MIT
src/rnee_build/18_validate_chunked_context_equivalence.py,8016,53c7256eb3771e5c701d5a8edb46809434ff21cf700b862235858918db87dc06,workflow_or_documentation,MIT
src/rnee_build/19_finalize_trajectory_build_context_gate.py,6594,e93ed784a883eca88349097938708395c3c20d8a4f2c62893e7af8ac0cd252e0,workflow_or_documentation,MIT
src/rnee_build/20_run_map_match_partitioned.py,15123,f37b8c757eff0e32b47874c45241362e45f0bd4926f93d2ab682e88f0027f514,workflow_or_documentation,MIT
src/rnee_build/21_validate_partitioned_map_match_equivalence.py,5586,09e91099968cb307514c4a3d9411710d66d63e1484e2c5ce8b07ca3e63c3a08b,workflow_or_documentation,MIT
src/rnee_build/22_run_edge_semantics_partitioned.py,11092,093a8310b97e17f1b4e8e2521b6b2495cccea445c49d84250bdbe4a6c8e5938b,workflow_or_documentation,MIT
src/rnee_build/23_validate_partitioned_edge_equivalence.py,5028,51d47fa9bee68ba7766e8395440b22ca16ee439f6d9a196ffe795c416f7e63b1,workflow_or_documentation,MIT
src/rnee_build/24_run_row_assembly_partitioned.py,14096,9394c91339eb71941403da46017c0c4d01193066dd3e7814210ab933e5dd4811,workflow_or_documentation,MIT
src/rnee_build/25_validate_partitioned_row_equivalence.py,4392,8f17a376a8501de3e4579f781e4578f588a291cbd154f2648bf3e1a4e453bd5e,workflow_or_documentation,MIT
src/rnee_build/26_finalize_trajectory_build_partition_gate.py,6564,73f86af0262927f2a947e310180370f1fcba9d6d18d349cce579dd7b9bcc50fe,workflow_or_documentation,MIT
src/rnee_build/27_preflight_trajectory_build_production.py,7130,147b431f3fe2df94b95b6bdd283d7cbb62be9789478be8bcd500d28cf9b82020,workflow_or_documentation,MIT
src/rnee_build/28_finalize_trajectory_build_map_match_production.py,7833,281b8f8c54d50014cff562f2fad01503266750fb8bbb6bf553ae1408c6f86aee,workflow_or_documentation,MIT
src/rnee_build/29_prepare_trajectory_build_manual_qa_staging.py,4150,c87c727002815f6710c567e41b74f192f07c37ee3d601f643820840ad14100f6,workflow_or_documentation,MIT
src/rnee_build/30_diagnose_compact_off_network_traces.py,6445,78cfe24a33e5f8ea48de6dc156573a2d3c15f37411c54ce69be304c8893dc6c7,workflow_or_documentation,MIT
src/rnee_build/31_build_off_network_candidate_qa.py,6767,33b1051fc0628ef00920899dd6d06227a1294c7f8e7d21c0ac91643e5bb9ae8a,workflow_or_documentation,MIT
src/rnee_build/32_finalize_off_network_abstention.py,7231,c20a3a092815c616e3795ac2f711ffe26900c4941c3d73a1e318c125fbe2e7ae,workflow_or_documentation,MIT
src/rnee_build/33_build_osm_way_tag_cache.py,5402,b310db1024d8701bdb7ff59cd11ad8ed887b4213ba4308b132991751ee66f06c,workflow_or_documentation,MIT
src/rnee_build/34_finalize_trajectory_build_release_gate.py,11434,28759aadd9244be4be33911018a1ef482e3c64b0d69545e3b49e1f586ca10ce4,workflow_or_documentation,MIT
src/rnee_build/35_build_segments.py,31918,4da94be499ef56c8c34718390e874158a7b0de1f7434348ab3b443fc0aa22d62,workflow_or_documentation,MIT
src/rnee_build/36_build_splits.py,19339,ee36260e2c53a1149a3feca3832f944903f1684337db702e24d4558f5d058718,workflow_or_documentation,MIT
src/rnee_build/37_validate_leakage.py,16666,d204027b41b8e00214ddd789d0c562bdbb97194d2fd6a38f23b01d9d8b7a7f9b,workflow_or_documentation,MIT
src/rnee_build/38_build_distance_segments.py,18626,71736bba4029f76bf2df47f161c32a7f922564d572737192ae9627810ae90c4a,workflow_or_documentation,MIT
src/rnee_build/39_build_sensitivity_splits.py,5744,a5f5ec57a1f8b8662f80157fe592c603e13542e957b270e9b35b1e9aad956df8,workflow_or_documentation,MIT
src/rnee_build/40_validate_sensitivity_leakage.py,7879,ac8fe1003e56e121fbbc46b4bbc457aa290cba9d6a027896e68d75a455b69080,workflow_or_documentation,MIT
src/rnee_build/41_resume_time_segments_parallel.py,5845,f74de1a4364daf0b5bd69c240575f0b2d30570361edca4e5c22ad287c1fbdff3,workflow_or_documentation,MIT
src/rnee_build/42_resume_distance_segments_parallel.py,6283,cd4d9f58ae2720bb44e9eb18fc8504599e72adeb30d83a0281b02c677f6866ab,workflow_or_documentation,MIT
src/rnee_build/43_finalize_parallel_segment_memory.py,3754,5c3d7d88e54e879e51448ba34d1333fbb5de2a267605bc5c5e2c41e342624725,workflow_or_documentation,MIT
src/rnee_build/44_audit_eved_rnee_differential.py,46779,66a4d516fe72dc40ecaba96914ad7c5d75bcbc45a253ee1e69befdc625419874,workflow_or_documentation,MIT
src/rnee_build/45_freeze_model_contract_feature_contract.py,39191,01a6ed730a6c1317874d02b9496e70b2c1ee19798b4efab7c7957fdd6395bc30,workflow_or_documentation,MIT
src/rnee_build/46_select_model_contract_backbone.py,31738,5046e4d350897b8231f54d4bada18186f20526ac6d8edae7c8e67922c99fd733,workflow_or_documentation,MIT
src/rnee_build/47_run_model_contract_m3_add_drop.py,46088,fa7b982f812da03f65fc34e64fae82e1138256a9706d4efb2b4f56fb05d3a5ad,workflow_or_documentation,MIT
src/rnee_build/48_run_model_contract_m4_inference.py,48267,da6331c1dc7f8697cf21700679b5c0631aa25703361ac831746fd8915be4922d,workflow_or_documentation,MIT
src/rnee_build/49_correct_model_contract_m4_inference.py,32142,c609c7af71de41694504b1b83636b9855e5b33b250c3675384601fee758b3e2f,workflow_or_documentation,MIT
src/rnee_build/68_run_sensor_factorial.py,53230,3a6f93ea3437891dcab2d1717ff03841228c2b3d73dbad9402c2cb0544dd02ae,workflow_or_documentation,MIT
src/rnee_build/build_source_inventory_report_artifact.py,20408,340a83bb45a796d79d37ab23a53cfa8c2d606a7107b3f3d1e259180d18496741,workflow_or_documentation,MIT
scripts/export_parquet_schemas.py,2839,d392a14f6dc2611030ee4e97527529707a1b78af7fdb1cfe8b5cafa156181873,workflow_or_documentation,MIT
scripts/prepare_public_full_release.py,13477,244d33c675b62edbf71371e1ea4f2f00724623604d1b2ad5ecf4bc7a5d1cbf83,workflow_or_documentation,MIT
scripts/reproduce_tables_and_figures.py,8880,0e46240b2b358ae03f98e7e86ddff9cc53126cea9ca607356f71ea7066bbf850,workflow_or_documentation,MIT
scripts/rnee_phase1/__init__.py,59,823233aa8611901d1bdde302385a73fccf3de80ba5f4f59512b94c730deb922a,workflow_or_documentation,MIT
scripts/rnee_phase1/common.py,4021,7574fa66751b8e49754648a923e5d85be4ce8f8ac72efd4a8a1a5b39f849bc6e,workflow_or_documentation,MIT
scripts/rnee_phase1/run_target_diagnostics.py,99831,ddbbc814a8059c0d1d83024396329395477c251e26b296b24d4c9c7ad53f2f5c,workflow_or_documentation,MIT
scripts/rnee_robustness/__init__.py,70,b9f9dd5f048e3f2f9c70e0f4e308a27cb849ca7ceaaf337f31d5805320fc00de,workflow_or_documentation,MIT
scripts/rnee_robustness/artifacts.py,2550,fda362baa5ea8e8de71b474761d7025c20282241e51f98f108f78425823bcf56,workflow_or_documentation,MIT
scripts/rnee_robustness/config.py,4671,831d587c82f0b5d6708c9e03ac53165aa6616180b72aed6791eadb03ff509b9b,workflow_or_documentation,MIT
scripts/rnee_robustness/contracts.py,9418,68c84bc1a7083ba06c5cfccdbaffba1fa3cd811d880920866e4cb041595cd7c4,workflow_or_documentation,MIT
scripts/rnee_robustness/evaluation.py,1676,ace7dc4ecdfcf6d54928631e7a08e7fd00d009e665e8da3b063c1ef5fd40888e,workflow_or_documentation,MIT
scripts/rnee_robustness/features.py,4091,111b94270baea5cfa3fe3849728b170a0f7a9209002e7ad5e9acc84b07cba72a,workflow_or_documentation,MIT
scripts/rnee_robustness/inference.py,23644,cfbefe02d7f13ac37b6ea5d11c5bdbdd3fbd2b3ceee3a860d2a9851332fed776,workflow_or_documentation,MIT
scripts/rnee_robustness/models.py,2323,3366e6ff547586e9f9755781fafb0fbed8f9314084227218cb380f64dff8c01f,workflow_or_documentation,MIT
scripts/rnee_robustness/null_controls.py,5696,c8d09d1eabad1a21a5f902f4058882d7fc73426deca2f272de3e65117f53d307,workflow_or_documentation,MIT
scripts/rnee_robustness/run_robustness.py,94596,68d5d59ec54a7ce8d87c7ee734b4923274d637a9df6ab16fa1edb29c120f72a9,workflow_or_documentation,MIT
scripts/rnee_theory_validation/__init__.py,70,b9f9dd5f048e3f2f9c70e0f4e308a27cb849ca7ceaaf337f31d5805320fc00de,workflow_or_documentation,MIT
scripts/rnee_theory_validation/artifacts.py,2550,fda362baa5ea8e8de71b474761d7025c20282241e51f98f108f78425823bcf56,workflow_or_documentation,MIT
scripts/rnee_theory_validation/bootstrap.py,12562,378d3306e66b99c753758fd6ac0179b9fbe516f6c54529d00bef92b86522f2b1,workflow_or_documentation,MIT
scripts/rnee_theory_validation/config.py,3471,51d54b2840f1bc1513afcf114ff24694f5c33a2c1fe7f4f1e4340fd924856958,workflow_or_documentation,MIT
scripts/rnee_theory_validation/contracts.py,9416,0d90fd83028e087c7a1067fae3fa0db95e85aaf5a126a4deeb8b59b4f68b5452,workflow_or_documentation,MIT
scripts/rnee_theory_validation/evaluation.py,1676,ace7dc4ecdfcf6d54928631e7a08e7fd00d009e665e8da3b063c1ef5fd40888e,workflow_or_documentation,MIT
scripts/rnee_theory_validation/features.py,6785,52fae194c6c08e9a6f6f4cdbca3b5578617220a54aa5f042c15f02e1f77fd9ce,workflow_or_documentation,MIT
scripts/rnee_theory_validation/models.py,1018,5c423c2e12a288e3b2ff1a0d5c7f236f060e25b6fa9cfd780053456c5c1685a2,workflow_or_documentation,MIT
scripts/rnee_theory_validation/null_controls.py,5696,c8d09d1eabad1a21a5f902f4058882d7fc73426deca2f272de3e65117f53d307,workflow_or_documentation,MIT
scripts/rnee_theory_validation/run_theory_validation.py,69770,f3ae73b13a9f8d78789ea1e299f7f8576a760aa0e63b630e2cf54aed146b7d29,workflow_or_documentation,MIT
scripts/run_full_analysis.py,3240,2bbc56636f83b3f0586ceab2de5d93e43408b288fb156047c80ec3b1de736523,workflow_or_documentation,MIT
scripts/verify_full_release.py,4558,6d7e4335f339ffeed40752b68021688bb81e29c53bc5c22fdcea7f39b853364b,workflow_or_documentation,MIT
scripts/verify_reported_results.py,17114,43b54413c9f93099e659ab7e33393e4619cf7e29b59231c6bf5e83152082c236,workflow_or_documentation,MIT
configs/rnee/phase1/phase1_target_diagnostics.yaml,6440,0f73a16125aeea7bd0337b13bddcb69f63c99d7ed569f38218b035a9a6f9247c,workflow_or_documentation,MIT
configs/rnee/theory_validation/theory_validation.yaml,4806,3bff42ae1a8b03e512af59516cc15417e36cb604ecbf837eaf98333411e37371,workflow_or_documentation,MIT
configs/rnee_build/base.yaml,5646,1323091adbfeddf3f38c16bdcaecf053037572dea7dd3aab350381da30e0afdd,workflow_or_documentation,MIT
configs/rnee_build/context_semantics.yaml,2670,73d1558bf6785b8f077c0fe1e91d990e119b7bed810f3f94a551b7692eab1dde,workflow_or_documentation,MIT
configs/rnee_build/differential_audit.yaml,2162,8754a090aa9195426342d02c575e24001557b7c4e39cfb43e8cd66539512d1ad,workflow_or_documentation,MIT
configs/rnee_build/edge_semantics.yaml,1606,632141acc55ede8ec4aafcdc4c057ed35c1681216c770ea52783ea89fcc4e083,workflow_or_documentation,MIT
configs/rnee_build/end_to_end_context_semantics.yaml,399,7a8ff526757c1c88e97ec2d41b57e94f3f4eb5f034554c726475488d3478e1af,workflow_or_documentation,MIT
configs/rnee_build/end_to_end_edge_semantics.yaml,334,5ef159f873f5be4e65b7c422b3768ad9344ba9fae8b3580ca766190a9af3e334,workflow_or_documentation,MIT
configs/rnee_build/end_to_end_gate.yaml,797,c8a3edcf04b31833e43fa367845a3ea6b85ac731670ace05188bdfb35a11ea44,workflow_or_documentation,MIT
configs/rnee_build/end_to_end_row_assembly.yaml,505,42bf2352186c705063b17375444f3a5d5c31707cb6383a0a8807e273ad1e21c8,workflow_or_documentation,MIT
configs/rnee_build/end_to_end_valhalla.yaml,1394,7268b1d45084f7526bc2c521a0edb27986235c17cf348388b52609f4d5377a42,workflow_or_documentation,MIT
configs/rnee_build/field_contract.yaml,4943,3c7fc46f7c334bc6261717206dbfc216847e318b2c3aad4a3514b1c04c0a5e03,workflow_or_documentation,MIT
configs/rnee_build/gps_quality.yaml,341,387c567315f2a714f8d8c36fd8c69ee1d659e9a4e24261cb542339db51bd022c,workflow_or_documentation,MIT
configs/rnee_build/map_match_profiles.yaml,472,96421fed340f1ebcc93651e298b04b9aaddc249d677c6566ac306e104845aaa7,workflow_or_documentation,MIT
configs/rnee_build/map_match_profiles_balanced_final.yaml,669,7fb2625a86b748ee8dd8dc97ec05d28e0eec697d617c3d2584355d92b21d88e8,workflow_or_documentation,MIT
configs/rnee_build/map_match_profiles_continuity.yaml,619,b7959753617e23a93c7540c5b26eed1e6934d29b02d2f1a2802cf5f17444caf1,workflow_or_documentation,MIT
configs/rnee_build/map_match_profiles_continuity_final.yaml,619,4f9dfc4d2b8f4bd20925cf0cc6b3ad0aca18a40f62405ae5fd80df61f0421fbd,workflow_or_documentation,MIT
configs/rnee_build/map_matching_remediation.yaml,780,6403c27748b23879b487294bdc460b9c4764e874768d7028762d9d43dec55676,workflow_or_documentation,MIT
configs/rnee_build/model_contract.yaml,11282,6077a46fa602c2a571bda690b91bc3fdddf50e9d17f6e449844c746e0a6f1c0c,workflow_or_documentation,MIT
configs/rnee_build/model_contract_m2_backbone_smoke.yaml,3008,ce4244dd2aa291e0f24c3191022647ff0855b9f95af7ee39cad6037a5e6d4d08,workflow_or_documentation,MIT
configs/rnee_build/model_contract_m3_add_drop.yaml,1430,8ad3e2ce193a261753036fb64892b2f4563209abf618cd596bb8738db3cbcfd7,workflow_or_documentation,MIT
configs/rnee_build/model_contract_m4_corrected.yaml,2078,d04624365a2afddebea76819c2dfd44e5ed2cf9ee7b8ffb153161b9c35f79b5f,workflow_or_documentation,MIT
configs/rnee_build/model_contract_m4_inference.yaml,2380,891650eb6972d59cd1d8c7ad7acb6e97c8bc937d7b3f3b2c7605c5753c8f167c,workflow_or_documentation,MIT
configs/rnee_build/network_build.yaml,1258,aebee65c4e34026f53c90600a6ee26d742cb024b2047e77e13d2ad1bff4a8753,workflow_or_documentation,MIT
configs/rnee_build/osm_snapshot.yaml,2081,8d4d4eb25513d18d72f6dc4261e69e7a4168e2ee929e1523485805117a1794b4,workflow_or_documentation,MIT
configs/rnee_build/qa_thresholds.yaml,2557,b77c4e50810fa63809096deb146a3e20bbd80f7a4295d83392f90da7806c264c,workflow_or_documentation,MIT
configs/rnee_build/raw_schema.yaml,1589,80f798427f6064c128e3f645d6d8eab6401c1a5c27d12b97b27a24f016ded6eb,workflow_or_documentation,MIT
configs/rnee_build/requirements-network_freeze.txt,71,4e0e4d99ae2f78972686c7a26149ffc719f903e775e20314821fb4ce2be81542,workflow_or_documentation,MIT
configs/rnee_build/requirements-rnee.in,191,cf3f3da004ed0e098257b0ae215e29e7e6d150dbf46830c94cf4db2bf37aeaf3,workflow_or_documentation,MIT
configs/rnee_build/requirements-rnee.lock.txt,398,3ce401085993603475f37b0bedaa05ae50afe590ff8111c47df1a9cc5c0744fa,workflow_or_documentation,MIT
configs/rnee_build/row_assembly.yaml,4303,611cdf3c51670b1f72557f9ed6289ac80cc3cdaa58b614c92f83fa4cc8aabd99,workflow_or_documentation,MIT
configs/rnee_build/segment_split_segments_30s.yaml,1744,aa22cfee5787f9f9fa6bb2eba28ae8e3ad559dfe0f8c7b8ff4c9dbb64e475f08,workflow_or_documentation,MIT
configs/rnee_build/segment_split_segments_500m.yaml,1877,7b77ed91f6f5adb54901ba4725129ba49f9b4f8cc5c02cc96f9219b5c53e891e,workflow_or_documentation,MIT
configs/rnee_build/segment_split_segments_60s.yaml,1749,0e5b1e4cb4fcd840f7e3ca34d9b581110d240f726743217990695b51e0ce2a87,workflow_or_documentation,MIT
configs/rnee_build/segment_split_segments_60s_pilot.yaml,1852,38d1a61e7387c8be43bdba94d5724eb6c3368e4685d588f3170c2db2115e1c0f,workflow_or_documentation,MIT
configs/rnee_build/segment_split_splits.yaml,1687,6696fdfc87ca58ebda95c44f81bb845d078451365581b57f3a3918dd3cebbec3,workflow_or_documentation,MIT
configs/rnee_build/segment_split_splits_30s.yaml,1924,7bb1673c1101d2421041d35ae1aaf989a7b05fccb2cd002792d40a23f8187f5b,workflow_or_documentation,MIT
configs/rnee_build/segment_split_splits_500m.yaml,1933,d3733716679de1f39231028244f04b22b75397b2f29b46632c10a4c3c259281a,workflow_or_documentation,MIT
configs/rnee_build/sensor_factorial.yaml,2726,a7a47815ff577ef7811b617d53a5c2310dfdb3e0930e41ac63b4578de0a5d6a4,workflow_or_documentation,MIT
configs/rnee_build/target_audit.yaml,3145,b2683c8aef083c64040c7776f5b7a8ff0583c3ec7b26b802f69aa22039f13d70,workflow_or_documentation,MIT
configs/rnee_build/trajectory_build_context_chunk_dry_run.yaml,676,dc19166ae605245bda4bf99194abba5b1d39cc16e4a0f966aad482d15fac3c58,workflow_or_documentation,MIT
configs/rnee_build/trajectory_build_context_gate.yaml,642,fe9fc377e76bb9a66244f44febd728c29e4590ee3465ba23c9d01232bcbb1447,workflow_or_documentation,MIT
configs/rnee_build/trajectory_build_context_partition_input_dry_run.yaml,722,13669a725b206d976f77d2c925cc59e87f63f2e92fcad2fc8721491afee631cf,workflow_or_documentation,MIT
configs/rnee_build/trajectory_build_context_production.yaml,653,0d229914ec4b75ce5a0a8ec5c7bfdcf81ed2b525a55481700a00ced4c6c85ac7,workflow_or_documentation,MIT
configs/rnee_build/trajectory_build_edge_cache_dry_run.yaml,463,aa767663822e8c7e20dcfca971d8004a70f8de2b2a49de59c3f8763728d9b8ca,workflow_or_documentation,MIT
configs/rnee_build/trajectory_build_edge_partition_dry_run.yaml,455,fb6068171ed4c487bc82bd6d6d14958e2ec8f1a587bc44fec9d9627e38539ed6,workflow_or_documentation,MIT
configs/rnee_build/trajectory_build_edge_production.yaml,613,e06039816f7609cf032137db8d8d611148463de64ea9f7b95fd4b90bbcb55744,workflow_or_documentation,MIT
configs/rnee_build/trajectory_build_map_match_gate.yaml,420,6b0bda54267a9c0b9f2bf2f471504c6c3f93179359db84238d16f282de8c0f04,workflow_or_documentation,MIT
configs/rnee_build/trajectory_build_map_match_partition_dry_run.yaml,796,91dea59812d4af1eea2e466d3a2c1db849b918b64898908d158d84be79444b69,workflow_or_documentation,MIT
configs/rnee_build/trajectory_build_off_network_abstention.yaml,450,135b4382ded193e92e3e04cc290f977ad7c771a871169c9c79219da55344e69d,workflow_or_documentation,MIT
configs/rnee_build/trajectory_build_off_network_diagnostic.yaml,507,94bdacc298cfc957786f0d04642fd8e08f737ad3ee1d33877e4f29f1894b24c6,workflow_or_documentation,MIT
configs/rnee_build/trajectory_build_osm_way_tag_cache.yaml,405,8032931b98f337fc7678de49f7237e92d3cbd77f696e62bf0f5272fa75b33568,workflow_or_documentation,MIT
configs/rnee_build/trajectory_build_partition_readiness_gate.yaml,966,bc5e80a67b33ea6fdff13a3345530788dc021a83afc3c01815a9b735f75731c4,workflow_or_documentation,MIT
configs/rnee_build/trajectory_build_production.yaml,1637,42bf7b08e8036df032fe7c982cc837b49a5edaf1a9b82de72d2aaa5fabc128a5,workflow_or_documentation,MIT
configs/rnee_build/trajectory_build_release_gate.yaml,968,77a7bda4863a4890f845ba43d997e80f4600eb9d39e7bcfa08ba76985470ceb8,workflow_or_documentation,MIT
configs/rnee_build/trajectory_build_row_abstention_dry_run.yaml,561,b5c999f94f53aec06a0d36212e1e975945bd8b35f3b08982674cbecc4082162b,workflow_or_documentation,MIT
configs/rnee_build/trajectory_build_row_partition_dry_run.yaml,633,0d163f4143c481df95691a9e8f3d1fa321b44bb2017db05403491a79526c9142,workflow_or_documentation,MIT
configs/rnee_build/trajectory_build_row_production.yaml,754,7db2d3a82fc35a3a564550d47b056f314f7c8351c5b1fc5adf9998c21820b624,workflow_or_documentation,MIT
configs/rnee_build/trajectory_build_row_production_wiring_dry_run.yaml,919,331e1650378748c29d2543121da136ca71743eb9b6720076fe88fbb1c9acc6d9,workflow_or_documentation,MIT
configs/rnee_build/valhalla.yaml,1243,dd1084c9aa2821e9da09654cfa529fd8eb23d9efeb7bc068aab9a6a5f9bd184b,workflow_or_documentation,MIT
tests/rnee_build/test_chunked_context.py,1476,49704de1a4c76d07a97d86f35b3faace197037def79636b53755df86b3b7b651,workflow_or_documentation,MIT
tests/rnee_build/test_differential_audit.py,3429,af133f9c4cdd71a2a0b680d98d2cd809a10fdfda3dda92757d6d83b47b2f143a,workflow_or_documentation,MIT
tests/rnee_build/test_distance_segment_aggregation.py,1773,3ec67503c5d8163a92002153cb58bfa8d386813f94359064c7d4394bbad6f235,workflow_or_documentation,MIT
tests/rnee_build/test_energy_target.py,3902,ff305b71f95be8a91fe07f623e2f2844031d5b2497ee18fbe883ce3ca191b871,workflow_or_documentation,MIT
tests/rnee_build/test_historical_osm_snapshot.py,3195,245bf9a9d2f909a00a1530e1bc5abe46e2b615f48fb5f38206deffc596e36f13,workflow_or_documentation,MIT
tests/rnee_build/test_map_match_contract.py,4710,b26f49da52b2a6459befc660e88a93b60c42cd3f3308254048adac32aa7bb146,workflow_or_documentation,MIT
tests/rnee_build/test_model_contract_feature_contract.py,4236,118ff385e816c3075296012c104fecdb947ca1863ac0c136c48d0404d18a0a16,workflow_or_documentation,MIT
tests/rnee_build/test_model_contract_m2_backbone_smoke.py,2755,95d2605f0ce3ce99fe33088d0b36db3632fe6efb3e3367796f201530a73dd8ea,workflow_or_documentation,MIT
tests/rnee_build/test_model_contract_m3_add_drop.py,2655,243d2f86256583e075b6c20cda67233eefaefab2217be2bb9328eee3ac78cf38,workflow_or_documentation,MIT
tests/rnee_build/test_model_contract_m4_corrected.py,3220,2a5d60c8830e5d7327636c4cbd3d524ad7c6f82c2d4e0bc49df5c0ac9e2dd337,workflow_or_documentation,MIT
tests/rnee_build/test_model_contract_m4_inference.py,2064,75793af1e3aa97bed0f9eb4ca54bec894cf4f7813215b4f12143d7129fef8ceb,workflow_or_documentation,MIT
tests/rnee_build/test_network_build.py,1748,e9bca65cf255927268cc80921501d115b48964d2a29766741836a4bc74cf2431,workflow_or_documentation,MIT
tests/rnee_build/test_partitioned_map_match.py,1707,dcc995e75d249b39bf64acdbeb6f584d55d75b035f177732ec13a4aed5539073,workflow_or_documentation,MIT
tests/rnee_build/test_preflight_contract.py,4978,9efe9fc62e8a61a4b7d3060a55fe3ef7fb0eb730bd97bcf6d9b440eaab4f0bc5,workflow_or_documentation,MIT
tests/rnee_build/test_quality_check_remediation.py,1839,c3ccfbad1b569aa0c44e9cf9d78ad6da5f51b4d995ffdc48263dbfea59db6628,workflow_or_documentation,MIT
tests/rnee_build/test_raw_lineage.py,531,2c074ddad41f03ac0127ca7dc26d844eb9191230c3d9863be09e21b1ac3a6e7a,workflow_or_documentation,MIT
tests/rnee_build/test_road_class_separation.py,1177,8ab08901be8f4ed555195e59981845762e8d3ecbd5a791f99009a8dc049aaa95,workflow_or_documentation,MIT
tests/rnee_build/test_row_conservation.py,2829,b7171656bec863ff061f42ffc50ac4e670848ffefb24abaa7c09e1c6b8bad244,workflow_or_documentation,MIT
tests/rnee_build/test_segment_aggregation.py,1302,e9b7a19950f5ca18d7631d1e26368d2a38eb068c14cb1a3516a1efa3400337bc,workflow_or_documentation,MIT
tests/rnee_build/test_sensor_factorial.py,2722,16f3f2a81cc5b7b99defb088e0547290aaf7eca555157f2546b8bedf6dec9e29,workflow_or_documentation,MIT
tests/rnee_build/test_speed_limit_parser.py,1775,f8135b28094e205af77f7a15029ee56ee3ce8bf8f1a140b13f6a25b6de9293db,workflow_or_documentation,MIT
tests/rnee_build/test_split_leakage.py,3756,fdc59ba1efc96c52f6247e5727c097fbb6c3bc25d503726e480ff85449b7be24,workflow_or_documentation,MIT
tests/rnee_build/test_unique_object_counts.py,1434,ba2fdc5f13d71f985911a65dea989ced603d16742f5361ffd449ece554d44b8f,workflow_or_documentation,MIT
tests/rnee_theory_validation/conftest.py,241,411532e3745d511c850a9c39716dcac275017c26aeb20a7d836481a983d9137a,workflow_or_documentation,MIT
tests/rnee_theory_validation/test_feature_contract.py,3573,51528e313a4314fa0f70da271baa47970dc3e7890799af49151d9a66b010e853,workflow_or_documentation,MIT
tests/rnee_theory_validation/test_noise_contract.py,1947,9ee7350ce0a9570120b6d669ae3021a67f56808c8a501f1c2319d5cc579bd041,workflow_or_documentation,MIT
tests/rnee_theory_validation/test_permutation_contract.py,2180,ec394dcf3e0d828e044eb6e790e42d027161dab232844bd5df0cbb0fb9f72167,workflow_or_documentation,MIT
tests/rnee_theory_validation/test_reproducibility.py,1634,49fed5b88ee41d17b32c0c2c4639bb3ff0eb01f51f9e6d2c431801a6686e026c,workflow_or_documentation,MIT
